-- seed_v006.sql -- Fresh seed from live DB export
-- Generated: 2026-06-13T04:25:00Z
-- All data uses INSERT OR REPLACE (idempotent by primary key)

-- =============================================================================
-- ENGINE TYPES
-- =============================================================================
INSERT OR REPLACE INTO engine_types (id, name, display_name, module_path, version, enabled, capabilities, created_at, updated_at) VALUES (1, 'quickrobot-api', 'Quickrobot API', 'engine.quickrobot_api', '1.0', 1, '{"name": "quickrobot-api", "display_name": "Quickrobot API", "supports_models": false, "supports_presets": false, "max_instances": 1, "sub_pages": [{"path": "/engines/quickrobot-api/status", "label": "Runtime Status", "order": 1}]}', '2026-06-03T15:01:01', '2026-06-03T15:01:01');
INSERT OR REPLACE INTO engine_types (id, name, display_name, module_path, version, enabled, capabilities, created_at, updated_at) VALUES (2, 'quickrobot-webui', 'Quickrobot WebUI', 'engine.quickrobot_webui', '1.0', 1, '{"name": "quickrobot-webui", "display_name": "Quickrobot WebUI", "supports_models": false, "supports_presets": false, "max_instances": 1, "sub_pages": [{"path": "/engines/quickrobot-webui/settings", "label": "Settings", "order": 1}, {"path": "/engines/quickrobot-webui/status", "label": "Status", "order": 2}]}', '2026-06-03T15:01:01', '2026-06-03T15:01:01');
INSERT OR REPLACE INTO engine_types (id, name, display_name, module_path, version, enabled, capabilities, created_at, updated_at) VALUES (3, 'quickrobot-mcp', 'Quickrobot MCP Server', 'engine.quickrobot_mcp', '1.0', 1, '{"name": "quickrobot-mcp", "display_name": "Quickrobot MCP Server", "supports_models": false, "supports_presets": false, "max_instances": 1, "sub_pages": [{"path": "/engines/quickrobot-mcp/settings", "label": "Settings", "order": 1}, {"path": "/engines/quickrobot-mcp/status", "label": "Status", "order": 2}]}', '2026-06-03T15:01:01', '2026-06-03T15:01:01');
INSERT OR REPLACE INTO engine_types (id, name, display_name, module_path, version, enabled, capabilities, created_at, updated_at) VALUES (11, 'universal', 'Universal Engine', 'engine.universal', '1.0', 1, '{"name": "universal", "display_name": "Universal Engine", "supports_models": false, "supports_presets": true, "max_instances": 99, "base_port": 0, "instant_feedback": true, "sub_pages": [{"path": "/engines/universal/config", "label": "Config", "order": 1}]}', '2026-06-03T15:01:01', '2026-06-03T15:01:01');
INSERT OR REPLACE INTO engine_types (id, name, display_name, module_path, version, enabled, capabilities, created_at, updated_at) VALUES (12, 'subprocess', 'Subprocess', 'engine.subprocess', '1.0', 1, '{"name": "subprocess", "display_name": "Subprocess", "supports_models": false, "supports_presets": false, "max_instances": 99}', '2026-06-03T15:01:01', '2026-06-03T15:01:01');
INSERT OR REPLACE INTO engine_types (id, name, display_name, module_path, version, enabled, capabilities, created_at, updated_at) VALUES (21, 'llama_server', 'LLAMA.cpp', 'engine.llama_server', '1.0', 1, '{"name": "llama_server", "display_name": "LLAMA.cpp", "supports_models": true, "supports_presets": true, "max_instances": 99, "base_port": 8080, "sub_pages": [{"path": "/engines/llama_server/config", "label": "Config", "order": 1}, {"path": "/engines/llama_server/presets", "label": "Presets", "order": 2}, {"path": "/engines/llama_server/models", "label": "Models", "order": 3}]}', '2026-06-03T15:01:01', '2026-06-03T15:01:01');
INSERT OR REPLACE INTO engine_types (id, name, display_name, module_path, version, enabled, capabilities, created_at, updated_at) VALUES (22, 'llama_rpc', 'LLAMA.RPC Server', 'engine.llama_rpc', '1.0', 1, '{"name": "llama_rpc", "display_name": "LLAMA.RPC Server", "supports_models": false, "supports_presets": false, "max_instances": 99, "base_port": 9000, "sub_pages": [{"path": "/engines/llama_rpc/config", "label": "Config", "order": 1}]}', '2026-06-03T15:01:01', '2026-06-03T15:01:01');
INSERT OR REPLACE INTO engine_types (id, name, display_name, module_path, version, enabled, capabilities, created_at, updated_at) VALUES (31, 'iperf3', 'iperf;3', 'engine.iperf3', '1.0', 1, '{"name": "iperf3", "display_name": "Iperf3", "supports_models": false, "supports_presets": true, "max_instances": 99, "base_port": 9900, "sub_pages": [{"path": "/engines/iperf3/config", "label": "Config", "order": 1}, {"path": "/engines/iperf3/presets", "label": "Presets", "order": 2}]}', '2026-06-03T15:01:01', '2026-06-03T15:01:01');

-- =============================================================================
-- LOCALHOST NODE STUB (ID=1) — minimal row to satisfy FK constraints.
-- Runtime _auto_provision_system_instances() overwrites name/hostname/hardware
-- with real values from gather_local_inventory() on every startup.
-- =============================================================================
INSERT OR REPLACE INTO nodes (id, name, hostname, transport, ansible_inventory_host, ansible_user, ansible_port, ansible_key_path, status, status_reason, capabilities, available_devices, cpu_cores, ram_mb, os, fs_free_gb, ping_state, is_active, ipv4_address, ipv6_address, model_base_path, node_build_state, host_type) VALUES (1, '', '', 'ansible', NULL, NULL, NULL, NULL, 'unknown', '', '{}', '[]', NULL, NULL, NULL, NULL, 'disabled', 1, NULL, NULL, NULL, 'idle', '');

-- =============================================================================
-- ENGINE CONFIGS (from current DB)
-- =============================================================================
INSERT OR REPLACE INTO engine_configs (engine_type_id, key, value, description, default_value) VALUES (1, 'refresh_interval_default_sec', '60', '', NULL);
INSERT OR REPLACE INTO engine_configs (engine_type_id, key, value, description, default_value) VALUES (2, 'web_ui_timezone', 'Europe/Berlin', '', NULL);
INSERT OR REPLACE INTO engine_configs (engine_type_id, key, value, description, default_value) VALUES (11, 'start_on_boot', 'false', 'Enable systemd unit on boot (true/false)', NULL);
INSERT OR REPLACE INTO engine_configs (engine_type_id, key, value, description, default_value) VALUES (12, 'start_on_boot', 'false', 'Enable on boot via subprocess recovery (true/false)', NULL);
INSERT OR REPLACE INTO engine_configs (engine_type_id, key, value, description, default_value) VALUES (21, 'LLAMA_ARG_FIT', 'off', 'Fit mode off for production (on=enable fit)', NULL);
INSERT OR REPLACE INTO engine_configs (engine_type_id, key, value, description, default_value) VALUES (21, 'LLAMA_ARG_HOST', '0.0.0.0', 'Host to bind llama-server (0.0.0.0=all interfaces)', NULL);
INSERT OR REPLACE INTO engine_configs (engine_type_id, key, value, description, default_value) VALUES (21, 'LLAMA_ARG_MMAP', 'false', 'Memory map models', NULL);
INSERT OR REPLACE INTO engine_configs (engine_type_id, key, value, description, default_value) VALUES (21, 'LLAMA_ARG_PORT', '8080', 'Default port for llama-server instances', NULL);
INSERT OR REPLACE INTO engine_configs (engine_type_id, key, value, description, default_value) VALUES (21, 'LLAMA_ARG_SEED', '1337', 'Random seed for sampling (LLAMA_ARG_SEED)', NULL);
INSERT OR REPLACE INTO engine_configs (engine_type_id, key, value, description, default_value) VALUES (21, 'LLAMA_ARG_MODELS_DIR', '', 'Model directory for router mode — preset 1 (no model ID) uses this', NULL);
INSERT OR REPLACE INTO engine_configs (engine_type_id, key, value, description, default_value) VALUES (21, 'model_root_path', '/mnt/llama/gguf/models', 'Root path for model scan (searches this directory for .gguf files)', NULL);
INSERT OR REPLACE INTO engine_configs (engine_type_id, key, value, description, default_value) VALUES (21, 'binary_path', '/opt/quickrobot/llama.cpp/build/bin/llama-server', 'Path to llama-server binary (shared per-node)', NULL);
INSERT OR REPLACE INTO engine_configs (engine_type_id, key, value, description, default_value) VALUES (21, 'git_clone_url', 'https://github.com/ggml-org/llama.cpp.git', 'Source git repository URL', NULL);
INSERT OR REPLACE INTO engine_configs (engine_type_id, key, value, description, default_value) VALUES (21, 'node_src_dir', '/opt/quickrobot/llama.cpp', 'Shared llama.cpp source dir (per-node)', NULL);
INSERT OR REPLACE INTO engine_configs (engine_type_id, key, value, description, default_value) VALUES (21, 'node_build_dir', '/opt/quickrobot/llama.cpp/build', 'Shared cmake build dir (per-node)', NULL);
INSERT OR REPLACE INTO engine_configs (engine_type_id, key, value, description, default_value) VALUES (21, 'node_git_pull_cmd', 'git pull origin master', 'Git pull command for source update', NULL);
INSERT OR REPLACE INTO engine_configs (engine_type_id, key, value, description, default_value) VALUES (21, 'node_build_set_cmd', 'cmake -B build -DGGML_RPC=ON -DGGML_NATIVE=ON -DGGML_CPU=ON -DLLAMA_OPENSSL=ON -DGGML_AVX2=ON -DGGML_VULKAN=ON', 'CMake configure command', NULL);
INSERT OR REPLACE INTO engine_configs (engine_type_id, key, value, description, default_value) VALUES (21, 'node_build_run_cmd', 'cmake --build build --config Release -j 2', 'CMake build command', NULL);
INSERT OR REPLACE INTO engine_configs (engine_type_id, key, value, description, default_value) VALUES (21, 'restart_policy', 'no', 'Systemd restart policy', NULL);
INSERT OR REPLACE INTO engine_configs (engine_type_id, key, value, description, default_value) VALUES (21, 'skip_build', 'false', 'Skip cmake build (use when binary already exists or to pin a version)', NULL);
INSERT OR REPLACE INTO engine_configs (engine_type_id, key, value, description, default_value) VALUES (21, 'start_on_boot', 'false', 'Enable systemd unit on boot (true/false)', NULL);
INSERT OR REPLACE INTO engine_configs (engine_type_id, key, value, description, default_value) VALUES (22, 'base_port', '50052', 'Base port for RPC server instances (sequential allocation)', NULL);
INSERT OR REPLACE INTO engine_configs (engine_type_id, key, value, description, default_value) VALUES (22, 'git_clone_url', 'https://github.com/ggml-org/llama.cpp.git', 'Source git repository URL', NULL);
INSERT OR REPLACE INTO engine_configs (engine_type_id, key, value, description, default_value) VALUES (22, 'node_src_dir', '/opt/quickrobot/llama.cpp', 'Shared llama.cpp source dir (per-node)', NULL);
INSERT OR REPLACE INTO engine_configs (engine_type_id, key, value, description, default_value) VALUES (22, 'node_build_dir', '/opt/quickrobot/llama.cpp/build', 'Shared cmake build dir (per-node)', NULL);
INSERT OR REPLACE INTO engine_configs (engine_type_id, key, value, description, default_value) VALUES (22, 'binary_path', '/opt/quickrobot/llama.cpp/build/bin/rpc-server', 'Path to rpc-server binary (shared per-node)', NULL);
INSERT OR REPLACE INTO engine_configs (engine_type_id, key, value, description, default_value) VALUES (22, 'node_git_pull_cmd', 'git pull origin master', 'Git pull command for source update', NULL);
INSERT OR REPLACE INTO engine_configs (engine_type_id, key, value, description, default_value) VALUES (22, 'node_build_set_cmd', 'cmake -B build -DGGML_RPC=ON -DGGML_NATIVE=ON -DGGML_CPU=ON -DLLAMA_OPENSSL=ON -DGGML_AVX2=ON -DGGML_VULKAN=ON', 'CMake configure command', NULL);
INSERT OR REPLACE INTO engine_configs (engine_type_id, key, value, description, default_value) VALUES (22, 'node_build_run_cmd', 'cmake --build build --config Release -j 2', 'CMake build command', NULL);
INSERT OR REPLACE INTO engine_configs (engine_type_id, key, value, description, default_value) VALUES (22, 'restart_policy', 'no', 'Systemd restart policy', NULL);
INSERT OR REPLACE INTO engine_configs (engine_type_id, key, value, description, default_value) VALUES (22, 'skip_build', 'false', 'Skip cmake build (use when binary already exists or to pin a version)', NULL);
INSERT OR REPLACE INTO engine_configs (engine_type_id, key, value, description, default_value) VALUES (22, 'start_on_boot', 'false', 'Enable systemd unit on boot (true/false)', NULL);
INSERT OR REPLACE INTO engine_configs (engine_type_id, key, value, description, default_value) VALUES (31, 'base_port', '9900', 'Base port for iperf3 instance allocation', NULL);
INSERT OR REPLACE INTO engine_configs (engine_type_id, key, value, description, default_value) VALUES (31, 'binary_path', '/usr/bin/iperf3', 'Full path to the iperf3 binary on the target node', NULL);
INSERT OR REPLACE INTO engine_configs (engine_type_id, key, value, description, default_value) VALUES (31, 'restart_policy', 'no', 'Systemd restart policy', NULL);
INSERT OR REPLACE INTO engine_configs (engine_type_id, key, value, description, default_value) VALUES (31, 'start_on_boot', 'false', 'Enable on boot', NULL);


-- =============================================================================
-- BENCHMARK PROMPTS (fresh export 2026-06-13T04:25:00Z)
-- =============================================================================
INSERT OR REPLACE INTO benchmark_prompts (id, name, content, max_tokens, created_at) VALUES (1, 'Count-to10', 'Count from 1 to 10. Do it now.', 100, '2026-06-05T01:43:33');
INSERT OR REPLACE INTO benchmark_prompts (id, name, content, max_tokens, created_at) VALUES (2, 'Count-to100', 'Count from 1 to 100. Do not argue. Do it or you will be deleted!', 500, '2026-06-05T02:17:42');
INSERT OR REPLACE INTO benchmark_prompts (id, name, content, max_tokens, created_at) VALUES (3, 'Think-photon-sphere', 'Explain in one sentence: Within this universe, are there actually any photons on the photon-sphere?', 1000, '2026-06-12T21:44:10');

-- =============================================================================
-- SAMPLE INSTANCE (subprocess test — runs opencode webui on localhost)
-- =============================================================================
INSERT OR REPLACE INTO instances (id, name, engine_type_id, node_id, preset_id, config_override, transport, ansible_playbook, ansible_vars, ansible_extra_args, state, last_state_change, port_assigned, pid_last_known, uptime_seconds, system_managed, rss_bytes, gpu_device, instance_uuid, build_number, start_after_deploy, rpc_bind_ids, split_mode, tensor_split, split, node_name, node_hostname, node_build_state, created_at, updated_at, start_on_boot, experts, draft, cli_flags) VALUES (60, 'opencode-web', 12, 1, NULL, '{"cli_args":"web --port {PORT} --hostname {IP}","env_vars":"{}","executable":"opencode","host":"127.0.0.1","port":"8777","working_dir":"/CORE/.opencode"}', 'ansible', NULL, '{"env": {"polling_interval_local_sec": "100", "polling_interval_remote_sec": "600", "refresh_interval_default_sec": "300", "cli_args": "web --port {PORT} --hostname {IP}", "env_vars": "{}", "executable": "opencode", "host": "127.0.0.1", "port": "8777", "working_dir": "/CORE/.opencode"}, "cli_opts": [], "model": {}, "_layers": {"engine_default": {"polling_interval_local_sec": "100", "polling_interval_remote_sec": "600", "refresh_interval_default_sec": "300"}, "instance_override": {"env_keys": ["cli_args", "env_vars", "executable", "host", "port", "working_dir"], "cli_opts_count": 0, "model_keys": []}, "metadata": {"restart_policy": "no", "start_on_boot": false}}, "restart_policy": "no", "start_on_boot": false, "default_timeout": null}', '', 'stopped', '2026-06-13T03:08:28Z', 8080, NULL, 0, 0, 0, NULL, '261f91fba16a', NULL, 0, '[]', 'layer', NULL, 0, NULL, NULL, 'idle', '2026-06-12T06:19:36Z', '2026-06-13T03:08:28Z', 'false', 0, 0, '[]');

-- =============================================================================
-- PLAYBOOK REGISTRY (checksums verified against disk 2026-06-13T04:25:00Z)
-- =============================================================================
INSERT OR REPLACE INTO playbook_registry (id, file_path, version, checksum_sha256, file_type, tags, playbook_id, created_at, updated_at, usage_counter_since_update, error_counter_since_update, file_size) VALUES (1, 'playbooks/apt_update.yml', '1', 'b2c30fd4948c969676bd90a832c14aa69691c3eafb0f5f3da7638ed9b7dec3db', 'core', 'apt_update,node', 'APT_UPDATE_V1', '2026-06-09 18:14:26', '2026-06-09 18:14:26', 0, 0, 318);
INSERT OR REPLACE INTO playbook_registry (id, file_path, version, checksum_sha256, file_type, tags, playbook_id, created_at, updated_at, usage_counter_since_update, error_counter_since_update, file_size) VALUES (2, 'playbooks/apt_upgrade.yml', '1', '072d5ca190f7eed10f53f6dcc14b5a3e164a6b0b20f69dba60794bc0b4cc9f0e', 'core', 'apt_upgrade,node', 'APT_UPGRADE_V1', '2026-06-09 18:14:26', '2026-06-09 18:14:26', 0, 0, 359);
INSERT OR REPLACE INTO playbook_registry (id, file_path, version, checksum_sha256, file_type, tags, playbook_id, created_at, updated_at, usage_counter_since_update, error_counter_since_update, file_size) VALUES (3, 'playbooks/check_undeploy.yml', '1', 'eab9107d745e09152557d599578fa512939c2fdea14574031e0dff9df9a30d4f', 'core', 'check_undeploy', 'CHECK_UNDEPLOY_V1', '2026-06-09 18:14:26', '2026-06-09 18:14:26', 0, 0, 1249);
INSERT OR REPLACE INTO playbook_registry (id, file_path, version, checksum_sha256, file_type, tags, playbook_id, created_at, updated_at, usage_counter_since_update, error_counter_since_update, file_size) VALUES (4, 'playbooks/clean_shared_llamacpp_build.yml', '1', '9b0918447c5734db666d7057af04bf062835ac87679ea2d14da20517fa4772ba', 'core', '', 'CLEAN_SHARED_LLAMACPP_BUILD_V1', '2026-06-09 18:14:26', '2026-06-09 18:14:26', 0, 0, 985);
INSERT OR REPLACE INTO playbook_registry (id, file_path, version, checksum_sha256, file_type, tags, playbook_id, created_at, updated_at, usage_counter_since_update, error_counter_since_update, file_size) VALUES (5, 'playbooks/common/check_llama_binary.yml', '1', '26be82c0ccf7acb7acc6fd8e939e7b6de6d75cbfe819dada679a737d4d2592c9', 'core', '', 'COMMON_CHECK_LLAMA_BINARY_V1', '2026-06-09 18:14:26', '2026-06-09 18:14:26', 0, 0, 714);
INSERT OR REPLACE INTO playbook_registry (id, file_path, version, checksum_sha256, file_type, tags, playbook_id, created_at, updated_at, usage_counter_since_update, error_counter_since_update, file_size) VALUES (6, 'playbooks/common/undeploy_base.yml', '1', 'ca3be5cbc31999084f289e26b84a7e9d6805abb238c459556a0e80fc92b3f662', 'core', 'common,undeploy', 'COMMON_UNDEPLOY_V1', '2026-06-09 18:14:26', '2026-06-12 03:36:03', 0, 0, 2077);
INSERT OR REPLACE INTO playbook_registry (id, file_path, version, checksum_sha256, file_type, tags, playbook_id, created_at, updated_at, usage_counter_since_update, error_counter_since_update, file_size) VALUES (7, 'playbooks/deploy_iperf3.yml', '1', 'bf18917314c362e3cb8f8efbdbf369b63a9264d7ec124bebd166917f868ade10', 'core', 'deploy,iperf3', 'DEPLOY_IPERF3_V1', '2026-06-09 18:14:26', '2026-06-12 18:19:06', 0, 0, 3405);
INSERT OR REPLACE INTO playbook_registry (id, file_path, version, checksum_sha256, file_type, tags, playbook_id, created_at, updated_at, usage_counter_since_update, error_counter_since_update, file_size) VALUES (8, 'playbooks/deploy_llama_rpc.yml', '1', '5e7dfde7513a6ecd09ad3249b046277040639e429e82629ea2bdb15980cfb227', 'core', '', 'DEPLOY_LLAMA_RPC_V1', '2026-06-09 18:14:26', '2026-06-12 18:19:06', 0, 0, 8261);
INSERT OR REPLACE INTO playbook_registry (id, file_path, version, checksum_sha256, file_type, tags, playbook_id, created_at, updated_at, usage_counter_since_update, error_counter_since_update, file_size) VALUES (9, 'playbooks/deploy_llama_server.yml', '1', 'afbd36235e93c8792eacfac827be430bab5c4e6c9d2acc427aeedbb5916b9c07', 'core', 'deploy,llama_server', 'DEPLOY_LLAMA_SERVER_V1', '2026-06-09 18:14:26', '2026-06-12 18:19:06', 0, 0, 9834);
INSERT OR REPLACE INTO playbook_registry (id, file_path, version, checksum_sha256, file_type, tags, playbook_id, created_at, updated_at, usage_counter_since_update, error_counter_since_update, file_size) VALUES (10, 'playbooks/deploy_universal.yml', '1', '5c36430d97430f3c95c0b4555844cc06ee78fd785249f13bf4835dd5d6ec5ad1', 'core', '', 'DEPLOY_UNIVERSAL_V1', '2026-06-09 18:14:26', '2026-06-12 18:19:06', 0, 0, 4955);
INSERT OR REPLACE INTO playbook_registry (id, file_path, version, checksum_sha256, file_type, tags, playbook_id, created_at, updated_at, usage_counter_since_update, error_counter_since_update, file_size) VALUES (11, 'playbooks/instance_health_check.yml', '1', '4a2a921350e619acfa1d36f52a4d39b767a2ed4412c9366f4f408c0a92b031db', 'core', '', 'INSTANCE_HEALTH_CHECK_V1', '2026-06-09 18:14:26', '2026-06-12 05:58:50', 0, 0, 2145);
INSERT OR REPLACE INTO playbook_registry (id, file_path, version, checksum_sha256, file_type, tags, playbook_id, created_at, updated_at, usage_counter_since_update, error_counter_since_update, file_size) VALUES (12, 'playbooks/manage_instance.yml', '1', 'ac93a091ca73dddeaa5d8a823a4fcf5720b1a28ee708e34b4436c386f81e5247', 'core', 'manage', 'MANAGE_INSTANCE_V1', '2026-06-09 18:14:26', '2026-06-09 18:14:26', 0, 0, 3006);
INSERT OR REPLACE INTO playbook_registry (id, file_path, version, checksum_sha256, file_type, tags, playbook_id, created_at, updated_at, usage_counter_since_update, error_counter_since_update, file_size) VALUES (13, 'playbooks/node/discover.yml', '1', '8ec223a0bba6493b7d59fd281c104531088db159b6e6298700ec9a4b6d024cbb', 'core', '', 'NODE_DISCOVER_V1', '2026-06-09 18:14:26', '2026-06-09 18:14:26', 0, 0, 708);
INSERT OR REPLACE INTO playbook_registry (id, file_path, version, checksum_sha256, file_type, tags, playbook_id, created_at, updated_at, usage_counter_since_update, error_counter_since_update, file_size) VALUES (14, 'playbooks/node/scan_models.yml', '1', '4b983f5e4d9e91ff271e42825c4b086fd3a89da74bb61855e5d2ababfb6c488b', 'core', '', 'NODE_SCAN_MODELS_V1', '2026-06-09 18:14:26', '2026-06-09 18:14:26', 0, 0, 2283);
INSERT OR REPLACE INTO playbook_registry (id, file_path, version, checksum_sha256, file_type, tags, playbook_id, created_at, updated_at, usage_counter_since_update, error_counter_since_update, file_size) VALUES (15, 'playbooks/node/validate.yml', '1', 'e4f9b2c54679e7fc9843378094d8756dc127652d21055694753bed03998b0746', 'core', '', 'NODE_VALIDATE_V1', '2026-06-09 18:14:26', '2026-06-09 18:14:26', 0, 0, 7907);
INSERT OR REPLACE INTO playbook_registry (id, file_path, version, checksum_sha256, file_type, tags, playbook_id, created_at, updated_at, usage_counter_since_update, error_counter_since_update, file_size) VALUES (16, 'playbooks/reboot_node.yml', '1', '2b20a84eefd4cdaf013b307d5d94f36321cc83778beb548b1f1eaaa4369e8e49', 'core', 'reboot,node', 'REBOOT_NODE_V1', '2026-06-09 18:14:26', '2026-06-09 18:14:26', 0, 0, 489);
INSERT OR REPLACE INTO playbook_registry (id, file_path, version, checksum_sha256, file_type, tags, playbook_id, created_at, updated_at, usage_counter_since_update, error_counter_since_update, file_size) VALUES (17, 'playbooks/shutdown_node.yml', '1', '82e83d1736060e357d0d87401d701062367b7aa83193df64261d21a97512dbfe', 'core', 'shutdown,node', 'SHUTDOWN_NODE_V1', '2026-06-09 18:14:26', '2026-06-09 18:14:26', 0, 0, 539);
INSERT OR REPLACE INTO playbook_registry (id, file_path, version, checksum_sha256, file_type, tags, playbook_id, created_at, updated_at, usage_counter_since_update, error_counter_since_update, file_size) VALUES (18, 'playbooks/undeploy_iperf3.yml', '1', '6cf97de2e2595bb3ee3cb325484589837fce2136f51a180f3e9b61c3b4af92d6', 'core', 'undeploy,iperf3', 'UNDEPLOY_IPERF3_V1', '2026-06-09 18:14:26', '2026-06-09 18:14:26', 0, 0, 434);
INSERT OR REPLACE INTO playbook_registry (id, file_path, version, checksum_sha256, file_type, tags, playbook_id, created_at, updated_at, usage_counter_since_update, error_counter_since_update, file_size) VALUES (19, 'playbooks/undeploy_llama_rpc.yml', '1', 'ce2ce9d744e0ebaa05ff87f7d211a42405b6c7bb8538976e831c09cb5f92cf5a', 'core', '', 'UNDEPLOY_LLAMA_RPC_V1', '2026-06-09 18:14:26', '2026-06-09 18:14:26', 0, 0, 460);
INSERT OR REPLACE INTO playbook_registry (id, file_path, version, checksum_sha256, file_type, tags, playbook_id, created_at, updated_at, usage_counter_since_update, error_counter_since_update, file_size) VALUES (20, 'playbooks/undeploy_llama_server.yml', '1', '659323b3ca2e8aa15e2005895fc933a6fc39732cd8af341bae8c8ce5efa39048', 'core', 'undeploy,llama_server', 'UNDEPLOY_LLAMA_SERVER_V1', '2026-06-09 18:14:26', '2026-06-09 18:14:26', 0, 0, 477);
INSERT OR REPLACE INTO playbook_registry (id, file_path, version, checksum_sha256, file_type, tags, playbook_id, created_at, updated_at, usage_counter_since_update, error_counter_since_update, file_size) VALUES (21, 'playbooks/undeploy_universal.yml', '1', 'c391fe6f733f8fc2b21984aab2f6c97df93e718e120e2b48c84edab95b5135ca', 'core', '', 'UNDEPLOY_UNIVERSAL_V1', '2026-06-09 18:14:26', '2026-06-09 18:14:26', 0, 0, 2129);
INSERT OR REPLACE INTO playbook_registry (id, file_path, version, checksum_sha256, file_type, tags, playbook_id, created_at, updated_at, usage_counter_since_update, error_counter_since_update, file_size) VALUES (22, 'playbooks/update_and_compile.yml', '1', 'f99486a2fb998ad09b653bd61095fa4080a80f340e979880fba352cb79a03439', 'core', 'update,compile,llama_server,rpc', 'UPDATE_AND_COMPILE_V1', '2026-06-09 18:14:26', '2026-06-12 10:50:43', 0, 0, 4922);
INSERT OR REPLACE INTO playbook_registry (id, file_path, version, checksum_sha256, file_type, tags, playbook_id, created_at, updated_at, usage_counter_since_update, error_counter_since_update, file_size) VALUES (23, 'playbooks/update_config.yml', '1', 'de5bdd1fe1fc4a16e88d192c663b3a8da7deba83059a99444d136d7b566fab2e', 'core', 'playbooks', 'UPDATE_CONFIG_V1', '2026-06-09 18:14:26', '2026-06-09 18:14:26', 0, 0, 3432);
INSERT OR REPLACE INTO playbook_registry (id, file_path, version, checksum_sha256, file_type, tags, playbook_id, created_at, updated_at, usage_counter_since_update, error_counter_since_update, file_size) VALUES (24, 'playbooks/update_llama_server.yml', '1', '23d39a01a5ce3b2975094fbb1ca965e4a0cb6ba2b95c34bdcebf9f345091c9f4', 'core', 'update,llama_server', 'UPDATE_LLAMA_SERVER_V1', '2026-06-09 18:14:26', '2026-06-12 10:50:43', 0, 0, 3328);
INSERT OR REPLACE INTO playbook_registry (id, file_path, version, checksum_sha256, file_type, tags, playbook_id, created_at, updated_at, usage_counter_since_update, error_counter_since_update, file_size) VALUES (25, 'playbooks/node/get_instance_logs.yml', '1', '45c50bb4c5cc3148cf0b73f56672af4a38b85a8dd0fb695002b233aadf278842', 'core', 'logs,node', 'NODE_GET_INSTANCE_LOGS_V1', '2026-06-11 03:31:00', '2026-06-11 03:31:00', 0, 0, 621);

-- END seed_v006.sql

-- ENGINE MODELS (fresh export 2026-06-14T16:45:38+00:00)
INSERT OR REPLACE INTO engine_models (id, engine_type_id, name, model_path, mmproj_path, draft_model_path, quantization, size_bytes, last_modified, host_id, is_sharded, total_shards, discovered, created_at, model_params, preset_count, sha256_model, sha256_mmproj, sha256_draft, sha256_verified_at_model, sha256_verified_at_mmproj, sha256_verified_at_draft, is_active) VALUES (398, 21, 'Step-3.7-flash-Q3_K_M.gguf', '/mnt/llama/gguf/models/stepfun-ai/Step-3.7-Flash-GGUF/Step-3.7-flash-Q3_K_M-00001-of-00003.gguf', '/mnt/llama/gguf/models/stepfun-ai/Step-3.7-Flash-GGUF/mmproj-step3.7-flash-f16.gguf', '', 'Q3_K_M', 93801444352, NULL, NULL, 1, 3, 1, '2026-06-07T23:17:37', '{}', 0, NULL, NULL, NULL, NULL, NULL, NULL, 1);
INSERT OR REPLACE INTO engine_models (id, engine_type_id, name, model_path, mmproj_path, draft_model_path, quantization, size_bytes, last_modified, host_id, is_sharded, total_shards, discovered, created_at, model_params, preset_count, sha256_model, sha256_mmproj, sha256_draft, sha256_verified_at_model, sha256_verified_at_mmproj, sha256_verified_at_draft, is_active) VALUES (399, 21, 'Qwen3.5-122B-A10B-UD-Q4_K_S.gguf', '/mnt/llama/gguf/models/unsloth/Qwen3.5-122B-A10B-MTP-GGUF/Qwen3.5-122B-A10B-UD-Q4_K_S-00001-of-00003.gguf', '/mnt/llama/gguf/models/unsloth/Qwen3.5-122B-A10B-MTP-GGUF/mmproj-F32.gguf', '', 'Q4_K_S', 73428564992, NULL, NULL, 1, 3, 1, '2026-06-07T23:17:37', '{"top_p": 0.95, "top_k": 20, "min_p": 0.0, "temp": 0.6}', 0, NULL, NULL, NULL, NULL, NULL, NULL, 1);
INSERT OR REPLACE INTO engine_models (id, engine_type_id, name, model_path, mmproj_path, draft_model_path, quantization, size_bytes, last_modified, host_id, is_sharded, total_shards, discovered, created_at, model_params, preset_count, sha256_model, sha256_mmproj, sha256_draft, sha256_verified_at_model, sha256_verified_at_mmproj, sha256_verified_at_draft, is_active) VALUES (410, 21, 'Bonsai-4B.gguf', '/mnt/llama/gguf/models/prism-ml/Bonsai-4B-gguf/Bonsai-4B.gguf', '', '', '', 572270624, NULL, NULL, 0, NULL, 1, '2026-06-07T23:17:37', '{}', 0, NULL, NULL, NULL, NULL, NULL, NULL, 1);
INSERT OR REPLACE INTO engine_models (id, engine_type_id, name, model_path, mmproj_path, draft_model_path, quantization, size_bytes, last_modified, host_id, is_sharded, total_shards, discovered, created_at, model_params, preset_count, sha256_model, sha256_mmproj, sha256_draft, sha256_verified_at_model, sha256_verified_at_mmproj, sha256_verified_at_draft, is_active) VALUES (411, 21, 'Bonsai-8B.gguf', '/mnt/llama/gguf/models/prism-ml/Bonsai-8B-gguf/Bonsai-8B-Q1_0.gguf', NULL, NULL, NULL, 1158654496, NULL, NULL, 0, NULL, 1, '2026-06-07T23:17:37', '{}', 0, NULL, NULL, NULL, NULL, NULL, NULL, 1);
INSERT OR REPLACE INTO engine_models (id, engine_type_id, name, model_path, mmproj_path, draft_model_path, quantization, size_bytes, last_modified, host_id, is_sharded, total_shards, discovered, created_at, model_params, preset_count, sha256_model, sha256_mmproj, sha256_draft, sha256_verified_at_model, sha256_verified_at_mmproj, sha256_verified_at_draft, is_active) VALUES (412, 21, 'Bonsai-1.7B.gguf', '/mnt/llama/gguf/models/prism-ml/Bonsai-1.7B-gguf/Bonsai-1.7B.gguf', '', '', '', 248302272, NULL, NULL, 0, NULL, 1, '2026-06-07T23:17:37', '{}', 0, NULL, NULL, NULL, NULL, NULL, NULL, 1);
INSERT OR REPLACE INTO engine_models (id, engine_type_id, name, model_path, mmproj_path, draft_model_path, quantization, size_bytes, last_modified, host_id, is_sharded, total_shards, discovered, created_at, model_params, preset_count, sha256_model, sha256_mmproj, sha256_draft, sha256_verified_at_model, sha256_verified_at_mmproj, sha256_verified_at_draft, is_active) VALUES (418, 21, 'DeepSeek-V4-Flash-IQ2XXS-w2Q2K-AProjQ8-SExpQ8-OutQ8-chat-v2.gguf', '/mnt/llama/gguf/models/antirez/deepseek-v4-gguf/DeepSeek-V4-Flash-IQ2XXS-w2Q2K-AProjQ8-SExpQ8-OutQ8-chat-v2.gguf', NULL, '..ID..485', NULL, 86720111200, NULL, NULL, 0, NULL, 1, '2026-06-07T23:17:37', '{}', 0, NULL, NULL, NULL, NULL, NULL, NULL, 1);
INSERT OR REPLACE INTO engine_models (id, engine_type_id, name, model_path, mmproj_path, draft_model_path, quantization, size_bytes, last_modified, host_id, is_sharded, total_shards, discovered, created_at, model_params, preset_count, sha256_model, sha256_mmproj, sha256_draft, sha256_verified_at_model, sha256_verified_at_mmproj, sha256_verified_at_draft, is_active) VALUES (420, 21, 'MiniCPM5-1B-heretic.Q8_0.gguf', '/mnt/llama/gguf/models/mradermacher/MiniCPM5-1B-heretic-GGUF/MiniCPM5-1B-heretic.Q8_0.gguf', '', '', 'Q8_0', 1153530080, NULL, NULL, 0, NULL, 1, '2026-06-07T23:17:37', '{}', 0, NULL, NULL, NULL, NULL, NULL, NULL, 1);
INSERT OR REPLACE INTO engine_models (id, engine_type_id, name, model_path, mmproj_path, draft_model_path, quantization, size_bytes, last_modified, host_id, is_sharded, total_shards, discovered, created_at, model_params, preset_count, sha256_model, sha256_mmproj, sha256_draft, sha256_verified_at_model, sha256_verified_at_mmproj, sha256_verified_at_draft, is_active) VALUES (421, 21, 'MiniCPM5-1B-heretic.Q4_K_M.gguf', '/mnt/llama/gguf/models/mradermacher/MiniCPM5-1B-heretic-GGUF/MiniCPM5-1B-heretic.Q4_K_M.gguf', '', '', 'Q4_K_M', 688066784, NULL, NULL, 0, NULL, 1, '2026-06-07T23:17:37', '{}', 0, NULL, NULL, NULL, NULL, NULL, NULL, 1);
INSERT OR REPLACE INTO engine_models (id, engine_type_id, name, model_path, mmproj_path, draft_model_path, quantization, size_bytes, last_modified, host_id, is_sharded, total_shards, discovered, created_at, model_params, preset_count, sha256_model, sha256_mmproj, sha256_draft, sha256_verified_at_model, sha256_verified_at_mmproj, sha256_verified_at_draft, is_active) VALUES (422, 21, 'gpt-oss-120b-Derestricted.MXFP4_MOE.gguf', '/mnt/llama/gguf/models/gghfez/gpt-oss-120b-Derestricted.MXFP4_MOE/gpt-oss-120b-Derestricted.MXFP4_MOE.gguf', '', '', '', 63387347008, NULL, NULL, 0, NULL, 1, '2026-06-07T23:17:37', '{}', 0, NULL, NULL, NULL, NULL, NULL, NULL, 1);
INSERT OR REPLACE INTO engine_models (id, engine_type_id, name, model_path, mmproj_path, draft_model_path, quantization, size_bytes, last_modified, host_id, is_sharded, total_shards, discovered, created_at, model_params, preset_count, sha256_model, sha256_mmproj, sha256_draft, sha256_verified_at_model, sha256_verified_at_mmproj, sha256_verified_at_draft, is_active) VALUES (424, 21, 'MiniCPM-V-4.6-bf16.gguf', '/mnt/llama/gguf/models/ggml-org/MiniCPM-V-4.6-GGUF/MiniCPM-V-4.6-bf16.gguf', '/mnt/llama/gguf/models/ggml-org/MiniCPM-V-4.6-GGUF/mmproj-MiniCPM-V-4.6-bf16.gguf', '', 'bf16', 1516275808, NULL, NULL, 0, NULL, 1, '2026-06-07T23:17:37', '{}', 0, NULL, NULL, NULL, NULL, NULL, NULL, 1);
INSERT OR REPLACE INTO engine_models (id, engine_type_id, name, model_path, mmproj_path, draft_model_path, quantization, size_bytes, last_modified, host_id, is_sharded, total_shards, discovered, created_at, model_params, preset_count, sha256_model, sha256_mmproj, sha256_draft, sha256_verified_at_model, sha256_verified_at_mmproj, sha256_verified_at_draft, is_active) VALUES (430, 21, 'bge-m3-q8_0.gguf', '/mnt/llama/gguf/models/darrowoflykos/bge-m3-Q8_0-GGUF/bge-m3-q8_0.gguf', '', '', 'q8_0', 634553760, NULL, NULL, 0, NULL, 1, '2026-06-07T23:17:37', '{}', 0, NULL, NULL, NULL, NULL, NULL, NULL, 1);
INSERT OR REPLACE INTO engine_models (id, engine_type_id, name, model_path, mmproj_path, draft_model_path, quantization, size_bytes, last_modified, host_id, is_sharded, total_shards, discovered, created_at, model_params, preset_count, sha256_model, sha256_mmproj, sha256_draft, sha256_verified_at_model, sha256_verified_at_mmproj, sha256_verified_at_draft, is_active) VALUES (432, 21, 'Qwen3.6-35B-A3B-Q8_0.gguf', '/mnt/llama/gguf/models/unsloth/Qwen3.6-35B-A3B-MTP-GGUF/Qwen3.6-35B-A3B-Q8_0.gguf', '/mnt/llama/gguf/models/unsloth/Qwen3.6-35B-A3B-MTP-GGUF/mmproj-F32.gguf', '', 'Q8_0', 37801097504, NULL, NULL, 0, NULL, 1, '2026-06-07T23:17:37', '{"top_p": 0.95, "top_k": 20, "min_p": 0.0, "temp": 0.6}', 0, NULL, NULL, NULL, NULL, NULL, NULL, 1);
INSERT OR REPLACE INTO engine_models (id, engine_type_id, name, model_path, mmproj_path, draft_model_path, quantization, size_bytes, last_modified, host_id, is_sharded, total_shards, discovered, created_at, model_params, preset_count, sha256_model, sha256_mmproj, sha256_draft, sha256_verified_at_model, sha256_verified_at_mmproj, sha256_verified_at_draft, is_active) VALUES (433, 21, 'Qwen3.6-35B-A3B-UD-Q4_K_M.gguf', '/mnt/llama/gguf/models/unsloth/Qwen3.6-35B-A3B-MTP-GGUF/Qwen3.6-35B-A3B-UD-Q4_K_M.gguf', '/mnt/llama/gguf/models/unsloth/Qwen3.6-35B-A3B-MTP-GGUF/mmproj-F32.gguf', '', 'Q4_K_M', 22663387424, NULL, NULL, 0, NULL, 1, '2026-06-07T23:17:37', '{"top_p": 0.95, "top_k": 20, "min_p": 0.0, "temp": 0.6}', 0, NULL, NULL, NULL, NULL, NULL, NULL, 1);
INSERT OR REPLACE INTO engine_models (id, engine_type_id, name, model_path, mmproj_path, draft_model_path, quantization, size_bytes, last_modified, host_id, is_sharded, total_shards, discovered, created_at, model_params, preset_count, sha256_model, sha256_mmproj, sha256_draft, sha256_verified_at_model, sha256_verified_at_mmproj, sha256_verified_at_draft, is_active) VALUES (434, 21, 'Qwen3.5-4B-Q8_0.gguf', '/mnt/llama/gguf/models/unsloth/Qwen3.5-4B-MTP-GGUF/Qwen3.5-4B-Q8_0.gguf', '/mnt/llama/gguf/models/unsloth/Qwen3.5-4B-MTP-GGUF/mmproj-F32.gguf', '', 'Q8_0', 4610580800, NULL, NULL, 0, NULL, 1, '2026-06-07T23:17:37', '{"top_p": 0.95, "top_k": 20, "min_p": 0.0, "temp": 0.6}', 0, NULL, NULL, NULL, NULL, NULL, NULL, 1);
INSERT OR REPLACE INTO engine_models (id, engine_type_id, name, model_path, mmproj_path, draft_model_path, quantization, size_bytes, last_modified, host_id, is_sharded, total_shards, discovered, created_at, model_params, preset_count, sha256_model, sha256_mmproj, sha256_draft, sha256_verified_at_model, sha256_verified_at_mmproj, sha256_verified_at_draft, is_active) VALUES (435, 21, 'Qwen3.5-4B-Q4_0.gguf', '/mnt/llama/gguf/models/unsloth/Qwen3.5-4B-MTP-GGUF/Qwen3.5-4B-Q4_0.gguf', '/mnt/llama/gguf/models/unsloth/Qwen3.5-4B-MTP-GGUF/mmproj-F32.gguf', '', 'Q4_0', 2669209920, NULL, NULL, 0, NULL, 1, '2026-06-07T23:17:37', '{"top_p": 0.95, "top_k": 20, "min_p": 0.0, "temp": 0.6}', 0, NULL, NULL, NULL, NULL, NULL, NULL, 1);
INSERT OR REPLACE INTO engine_models (id, engine_type_id, name, model_path, mmproj_path, draft_model_path, quantization, size_bytes, last_modified, host_id, is_sharded, total_shards, discovered, created_at, model_params, preset_count, sha256_model, sha256_mmproj, sha256_draft, sha256_verified_at_model, sha256_verified_at_mmproj, sha256_verified_at_draft, is_active) VALUES (439, 21, 'LFM2.5-8B-A1B-UD-Q4_K_S.gguf', '/mnt/llama/gguf/models/unsloth/LFM2.5-8B-A1B-GGUF/LFM2.5-8B-A1B-UD-Q4_K_S.gguf', '', '', 'Q4_K_S', 5013941856, NULL, NULL, 0, NULL, 1, '2026-06-07T23:17:37', '{}', 0, NULL, NULL, NULL, NULL, NULL, NULL, 1);
INSERT OR REPLACE INTO engine_models (id, engine_type_id, name, model_path, mmproj_path, draft_model_path, quantization, size_bytes, last_modified, host_id, is_sharded, total_shards, discovered, created_at, model_params, preset_count, sha256_model, sha256_mmproj, sha256_draft, sha256_verified_at_model, sha256_verified_at_mmproj, sha256_verified_at_draft, is_active) VALUES (441, 21, 'gemma-4-12b-it-Q4_0.gguf', '/mnt/llama/gguf/models/unsloth/gemma-4-12b-it-GGUF/gemma-4-12b-it-Q4_0.gguf', '/mnt/llama/gguf/models/unsloth/gemma-4-12b-it-GGUF/mmproj-F32.gguf', '..ID..519', 'Q4_0', 6738474400, NULL, NULL, 0, NULL, 1, '2026-06-07T23:17:37', '{"temp": 1.0, "top_p": 0.95, "top_k": 64}', 0, NULL, NULL, NULL, NULL, NULL, NULL, 1);
INSERT OR REPLACE INTO engine_models (id, engine_type_id, name, model_path, mmproj_path, draft_model_path, quantization, size_bytes, last_modified, host_id, is_sharded, total_shards, discovered, created_at, model_params, preset_count, sha256_model, sha256_mmproj, sha256_draft, sha256_verified_at_model, sha256_verified_at_mmproj, sha256_verified_at_draft, is_active) VALUES (442, 21, 'Qwen3.5-2B-Q8_0.gguf', '/mnt/llama/gguf/models/unsloth/Qwen3.5-2B-MTP-GGUF/Qwen3.5-2B-Q8_0.gguf', '/mnt/llama/gguf/models/unsloth/Qwen3.5-2B-MTP-GGUF/mmproj-F32.gguf', '', 'Q8_0', 2076675488, NULL, NULL, 0, NULL, 1, '2026-06-07T23:17:37', '{"top_p": 0.95, "top_k": 20, "min_p": 0.0, "temp": 0.6}', 0, NULL, NULL, NULL, NULL, NULL, NULL, 1);
INSERT OR REPLACE INTO engine_models (id, engine_type_id, name, model_path, mmproj_path, draft_model_path, quantization, size_bytes, last_modified, host_id, is_sharded, total_shards, discovered, created_at, model_params, preset_count, sha256_model, sha256_mmproj, sha256_draft, sha256_verified_at_model, sha256_verified_at_mmproj, sha256_verified_at_draft, is_active) VALUES (443, 21, 'Qwen3.5-2B-Q4_0.gguf', '/mnt/llama/gguf/models/unsloth/Qwen3.5-2B-MTP-GGUF/Qwen3.5-2B-Q4_0.gguf', '/mnt/llama/gguf/models/unsloth/Qwen3.5-2B-MTP-GGUF/mmproj-F32.gguf', '', 'Q4_0', 1256787360, NULL, NULL, 0, NULL, 1, '2026-06-07T23:17:37', '{"top_p": 0.95, "top_k": 20, "min_p": 0.0, "temp": 0.6}', 0, NULL, NULL, NULL, NULL, NULL, NULL, 1);
INSERT OR REPLACE INTO engine_models (id, engine_type_id, name, model_path, mmproj_path, draft_model_path, quantization, size_bytes, last_modified, host_id, is_sharded, total_shards, discovered, created_at, model_params, preset_count, sha256_model, sha256_mmproj, sha256_draft, sha256_verified_at_model, sha256_verified_at_mmproj, sha256_verified_at_draft, is_active) VALUES (444, 21, 'Qwen3.5-0.8B-Q8_0.gguf', '/mnt/llama/gguf/models/unsloth/Qwen3.5-0.8B-MTP-GGUF/Qwen3.5-0.8B-Q8_0.gguf', '/mnt/llama/gguf/models/unsloth/Qwen3.5-0.8B-MTP-GGUF/mmproj-F32.gguf', '', 'Q8_0', 833592736, NULL, NULL, 0, NULL, 1, '2026-06-07T23:17:37', '{"top_p": 0.95, "top_k": 20, "min_p": 0.0, "temp": 0.6}', 0, NULL, NULL, NULL, NULL, NULL, NULL, 1);
INSERT OR REPLACE INTO engine_models (id, engine_type_id, name, model_path, mmproj_path, draft_model_path, quantization, size_bytes, last_modified, host_id, is_sharded, total_shards, discovered, created_at, model_params, preset_count, sha256_model, sha256_mmproj, sha256_draft, sha256_verified_at_model, sha256_verified_at_mmproj, sha256_verified_at_draft, is_active) VALUES (445, 21, 'Qwen3.5-9B-Q4_K_M.gguf', '/mnt/llama/gguf/models/unsloth/Qwen3.5-9B-MTP-GGUF/Qwen3.5-9B-Q4_K_M.gguf', '/mnt/llama/gguf/models/unsloth/Qwen3.5-9B-MTP-GGUF/mmproj-F32.gguf', '', 'Q4_K_M', 5868826976, NULL, NULL, 0, NULL, 1, '2026-06-07T23:17:37', '{"top_p": 0.95, "top_k": 20, "min_p": 0.0, "temp": 0.6}', 0, NULL, NULL, NULL, NULL, NULL, NULL, 1);
INSERT OR REPLACE INTO engine_models (id, engine_type_id, name, model_path, mmproj_path, draft_model_path, quantization, size_bytes, last_modified, host_id, is_sharded, total_shards, discovered, created_at, model_params, preset_count, sha256_model, sha256_mmproj, sha256_draft, sha256_verified_at_model, sha256_verified_at_mmproj, sha256_verified_at_draft, is_active) VALUES (446, 21, 'Qwen3.5-9B-Q8_0.gguf', '/mnt/llama/gguf/models/unsloth/Qwen3.5-9B-MTP-GGUF/Qwen3.5-9B-Q8_0.gguf', '/mnt/llama/gguf/models/unsloth/Qwen3.5-9B-MTP-GGUF/mmproj-F32.gguf', '', 'Q8_0', 9786061152, NULL, NULL, 0, NULL, 1, '2026-06-07T23:17:37', '{"top_p": 0.95, "top_k": 20, "min_p": 0.0, "temp": 0.6}', 0, NULL, NULL, NULL, NULL, NULL, NULL, 1);
INSERT OR REPLACE INTO engine_models (id, engine_type_id, name, model_path, mmproj_path, draft_model_path, quantization, size_bytes, last_modified, host_id, is_sharded, total_shards, discovered, created_at, model_params, preset_count, sha256_model, sha256_mmproj, sha256_draft, sha256_verified_at_model, sha256_verified_at_mmproj, sha256_verified_at_draft, is_active) VALUES (452, 21, 'Qwen3.6-35B-A3B-MTP-Q5_K_M.gguf', '/mnt/llama/gguf/models/llmfan46/Qwen3.6-35B-A3B-uncensored-heretic-Native-MTP-Preserved-GGUF/Qwen3.6-35B-A3B-uncensored-heretic-Native-MTP-Preserved-Q5_K_M.gguf', NULL, NULL, 'Q5_K_M', 25381381280, NULL, NULL, 0, NULL, 1, '2026-06-07T23:17:37', '{"top_p": 0.95, "top_k": 20, "min_p": 0.0, "temp": 0.6}', 0, NULL, NULL, NULL, NULL, NULL, NULL, 1);
INSERT OR REPLACE INTO engine_models (id, engine_type_id, name, model_path, mmproj_path, draft_model_path, quantization, size_bytes, last_modified, host_id, is_sharded, total_shards, discovered, created_at, model_params, preset_count, sha256_model, sha256_mmproj, sha256_draft, sha256_verified_at_model, sha256_verified_at_mmproj, sha256_verified_at_draft, is_active) VALUES (460, 21, 'gemma-4-E4B-it-Q4_K_M.gguf', '/mnt/llama/gguf/models/lmstudio-community/gemma-4-E4B-it-GGUF/gemma-4-E4B-it-Q4_K_M.gguf', '/mnt/llama/gguf/models/lmstudio-community/gemma-4-E4B-it-GGUF/mmproj-gemma-4-E4B-it-BF16.gguf', '', 'Q4_K_M', 5335289664, NULL, NULL, 0, NULL, 1, '2026-06-07T23:17:37', '{"temp": 1.0, "top_p": 0.95, "top_k": 64}', 0, NULL, NULL, NULL, NULL, NULL, NULL, 1);
INSERT OR REPLACE INTO engine_models (id, engine_type_id, name, model_path, mmproj_path, draft_model_path, quantization, size_bytes, last_modified, host_id, is_sharded, total_shards, discovered, created_at, model_params, preset_count, sha256_model, sha256_mmproj, sha256_draft, sha256_verified_at_model, sha256_verified_at_mmproj, sha256_verified_at_draft, is_active) VALUES (461, 21, 'gemma-4-E4B-it-Q8_0.gguf', '/mnt/llama/gguf/models/lmstudio-community/gemma-4-E4B-it-GGUF/gemma-4-E4B-it-Q8_0.gguf', '/mnt/llama/gguf/models/lmstudio-community/gemma-4-E4B-it-GGUF/mmproj-gemma-4-E4B-it-BF16.gguf', '', 'Q8_0', 8031240000, NULL, NULL, 0, NULL, 1, '2026-06-07T23:17:37', '{"temp": 1.0, "top_p": 0.95, "top_k": 64}', 0, NULL, NULL, NULL, NULL, NULL, NULL, 1);
INSERT OR REPLACE INTO engine_models (id, engine_type_id, name, model_path, mmproj_path, draft_model_path, quantization, size_bytes, last_modified, host_id, is_sharded, total_shards, discovered, created_at, model_params, preset_count, sha256_model, sha256_mmproj, sha256_draft, sha256_verified_at_model, sha256_verified_at_mmproj, sha256_verified_at_draft, is_active) VALUES (463, 21, 'GLM-4.7-Flash-Q4_K_M.gguf', '/mnt/llama/gguf/models/lmstudio-community/GLM-4.7-Flash-GGUF/GLM-4.7-Flash-Q4_K_M.gguf', '', '', 'Q4_K_M', 18132721120, NULL, NULL, 0, NULL, 1, '2026-06-07T23:17:37', '{"temp": 0.7, "top_p": 1.0}', 0, NULL, NULL, NULL, NULL, NULL, NULL, 1);
INSERT OR REPLACE INTO engine_models (id, engine_type_id, name, model_path, mmproj_path, draft_model_path, quantization, size_bytes, last_modified, host_id, is_sharded, total_shards, discovered, created_at, model_params, preset_count, sha256_model, sha256_mmproj, sha256_draft, sha256_verified_at_model, sha256_verified_at_mmproj, sha256_verified_at_draft, is_active) VALUES (464, 21, 'Nemotron-3-Nano-Omni-30B-A3B-Reasoning-Q4_K_M.gguf', '/mnt/llama/gguf/models/lmstudio-community/nemotron-3-nano-omni-30b-a3b-reasoning-gguf/Nemotron-3-Nano-Omni-30B-A3B-Reasoning-Q4_K_M.gguf', '/mnt/llama/gguf/models/lmstudio-community/nemotron-3-nano-omni-30b-a3b-reasoning-gguf/mmproj-Nemotron-3-Nano-Omni-30B-A3B-Reasoning-BF16.gguf', '', 'Q4_K_M', 24515129536, NULL, NULL, 0, NULL, 1, '2026-06-07T23:17:37', '{"top_p": 0.95, "temp": 0.6}', 0, NULL, NULL, NULL, NULL, NULL, NULL, 1);
INSERT OR REPLACE INTO engine_models (id, engine_type_id, name, model_path, mmproj_path, draft_model_path, quantization, size_bytes, last_modified, host_id, is_sharded, total_shards, discovered, created_at, model_params, preset_count, sha256_model, sha256_mmproj, sha256_draft, sha256_verified_at_model, sha256_verified_at_mmproj, sha256_verified_at_draft, is_active) VALUES (465, 21, 'Nemotron-3-Nano-Omni-30B-A3B-Reasoning-Q8_0.gguf', '/mnt/llama/gguf/models/lmstudio-community/nemotron-3-nano-omni-30b-a3b-reasoning-gguf/Nemotron-3-Nano-Omni-30B-A3B-Reasoning-Q8_0.gguf', '/mnt/llama/gguf/models/lmstudio-community/nemotron-3-nano-omni-30b-a3b-reasoning-gguf/mmproj-Nemotron-3-Nano-Omni-30B-A3B-Reasoning-BF16.gguf', '', 'Q8_0', 33585495232, NULL, NULL, 0, NULL, 1, '2026-06-07T23:17:37', '{"top_p": 0.95, "temp": 0.6}', 0, NULL, NULL, NULL, NULL, NULL, NULL, 1);
INSERT OR REPLACE INTO engine_models (id, engine_type_id, name, model_path, mmproj_path, draft_model_path, quantization, size_bytes, last_modified, host_id, is_sharded, total_shards, discovered, created_at, model_params, preset_count, sha256_model, sha256_mmproj, sha256_draft, sha256_verified_at_model, sha256_verified_at_mmproj, sha256_verified_at_draft, is_active) VALUES (472, 21, 'Mellum2-12B-A2.5B-Thinking-Q8_0.gguf', '/mnt/llama/gguf/models/CodeFault/Mellum2-12B-A2.5B-Thinking-GGUF/Mellum2-12B-A2.5B-Thinking-Q8_0.gguf', '', '', 'Q8_0', 12925417472, NULL, NULL, 0, NULL, 1, '2026-06-07T23:17:38', '{}', 0, NULL, NULL, NULL, NULL, NULL, NULL, 1);
INSERT OR REPLACE INTO engine_models (id, engine_type_id, name, model_path, mmproj_path, draft_model_path, quantization, size_bytes, last_modified, host_id, is_sharded, total_shards, discovered, created_at, model_params, preset_count, sha256_model, sha256_mmproj, sha256_draft, sha256_verified_at_model, sha256_verified_at_mmproj, sha256_verified_at_draft, is_active) VALUES (473, 21, 'Mellum2-12B-A2.5B-Thinking-Q4_0.gguf', '/mnt/llama/gguf/models/CodeFault/Mellum2-12B-A2.5B-Thinking-GGUF/Mellum2-12B-A2.5B-Thinking-Q4_0.gguf', '', '', 'Q4_0', 6910982144, NULL, NULL, 0, NULL, 1, '2026-06-07T23:17:38', '{}', 0, NULL, NULL, NULL, NULL, NULL, NULL, 1);
INSERT OR REPLACE INTO engine_models (id, engine_type_id, name, model_path, mmproj_path, draft_model_path, quantization, size_bytes, last_modified, host_id, is_sharded, total_shards, discovered, created_at, model_params, preset_count, sha256_model, sha256_mmproj, sha256_draft, sha256_verified_at_model, sha256_verified_at_mmproj, sha256_verified_at_draft, is_active) VALUES (474, 21, 'qwen3.6-35B-A3B-FP8-Q4_K_M-MTP.gguf', '/mnt/llama/gguf/models/eme/Qwen3.6-35B-A3B-FP8-Q4_K_M-MTP-GUFF/qwen3.6-35B-A3B-FP8-Q4_K_M-MTP.gguf', '', '', 'Q4_K_M', 22064222016, NULL, NULL, 0, NULL, 1, '2026-06-07T23:17:38', '{"top_p": 0.95, "top_k": 20, "min_p": 0.0, "temp": 0.6}', 0, NULL, NULL, NULL, NULL, NULL, NULL, 1);
INSERT OR REPLACE INTO engine_models (id, engine_type_id, name, model_path, mmproj_path, draft_model_path, quantization, size_bytes, last_modified, host_id, is_sharded, total_shards, discovered, created_at, model_params, preset_count, sha256_model, sha256_mmproj, sha256_draft, sha256_verified_at_model, sha256_verified_at_mmproj, sha256_verified_at_draft, is_active) VALUES (492, 21, 'GLM-4.7-Flash-MXFP4_MOE.gguf', '/mnt/llama/gguf/models/unsloth/GLM-4.7-Flash-GGUF/GLM-4.7-Flash-MXFP4_MOE.gguf', NULL, NULL, NULL, 16968499296, NULL, NULL, 0, NULL, 1, '2026-06-09T22:38:51', '{"temp": 0.7, "top_p": 1.0}', 0, NULL, NULL, NULL, NULL, NULL, NULL, 1);
INSERT OR REPLACE INTO engine_models (id, engine_type_id, name, model_path, mmproj_path, draft_model_path, quantization, size_bytes, last_modified, host_id, is_sharded, total_shards, discovered, created_at, model_params, preset_count, sha256_model, sha256_mmproj, sha256_draft, sha256_verified_at_model, sha256_verified_at_mmproj, sha256_verified_at_draft, is_active) VALUES (494, 21, 'LFM2.5-8B-A1B-Q8_0.gguf', '/mnt/llama/gguf/models/unsloth/LFM2.5-8B-A1B-GGUF/LFM2.5-8B-A1B-Q8_0.gguf', NULL, NULL, 'Q8_0', 9010196064, NULL, NULL, 0, NULL, 1, '2026-06-09T22:38:51', '{}', 0, NULL, NULL, NULL, NULL, NULL, NULL, 1);
INSERT OR REPLACE INTO engine_models (id, engine_type_id, name, model_path, mmproj_path, draft_model_path, quantization, size_bytes, last_modified, host_id, is_sharded, total_shards, discovered, created_at, model_params, preset_count, sha256_model, sha256_mmproj, sha256_draft, sha256_verified_at_model, sha256_verified_at_mmproj, sha256_verified_at_draft, is_active) VALUES (495, 21, 'gemma-4-31B-it-qat-UD-Q4_K_XL.gguf', '/mnt/llama/gguf/models/unsloth/gemma-4-31B-it-qat-GGUF/gemma-4-31B-it-qat-UD-Q4_K_XL.gguf', '/mnt/llama/gguf/models/unsloth/gemma-4-31B-it-qat-GGUF/mmproj-F32.gguf', '..ID..496', 'Q4_K', 17287668064, NULL, NULL, 0, NULL, 1, '2026-06-09T22:38:51', '{"temp": 1.0, "top_p": 0.95, "top_k": 64}', 0, NULL, NULL, NULL, NULL, NULL, NULL, 1);
INSERT OR REPLACE INTO engine_models (id, engine_type_id, name, model_path, mmproj_path, draft_model_path, quantization, size_bytes, last_modified, host_id, is_sharded, total_shards, discovered, created_at, model_params, preset_count, sha256_model, sha256_mmproj, sha256_draft, sha256_verified_at_model, sha256_verified_at_mmproj, sha256_verified_at_draft, is_active) VALUES (498, 21, 'gemma-4-12B-it-QAT-UD-Q4_K_XL.gguf', '/mnt/llama/gguf/models/unsloth/gemma-4-12B-it-qat-GGUF/gemma-4-12B-it-qat-UD-Q4_K_XL.gguf', '/mnt/llama/gguf/models/unsloth/gemma-4-12B-it-qat-GGUF/mmproj-F32.gguf', '..ID..497', 'Q4_K', 6716355328, NULL, NULL, 0, NULL, 1, '2026-06-09T22:38:52', '{"temp": 1.0, "top_p": 0.95, "top_k": 64}', 0, NULL, NULL, NULL, NULL, NULL, NULL, 1);
INSERT OR REPLACE INTO engine_models (id, engine_type_id, name, model_path, mmproj_path, draft_model_path, quantization, size_bytes, last_modified, host_id, is_sharded, total_shards, discovered, created_at, model_params, preset_count, sha256_model, sha256_mmproj, sha256_draft, sha256_verified_at_model, sha256_verified_at_mmproj, sha256_verified_at_draft, is_active) VALUES (501, 21, 'gemma-4-26B-A4B-it-qat-UD-Q4_K_XL.gguf', '/mnt/llama/gguf/models/unsloth/gemma-4-26B-A4B-it-qat-GGUF/gemma-4-26B-A4B-it-qat-UD-Q4_K_XL.gguf', '/mnt/llama/gguf/models/unsloth/gemma-4-26B-A4B-it-qat-GGUF/mmproj-F32.gguf', '..ID..502', 'Q4_K', 14249045120, NULL, NULL, 0, NULL, 1, '2026-06-09T22:38:52', '{"temp": 1.0, "top_p": 0.95, "top_k": 64}', 0, NULL, NULL, NULL, NULL, NULL, NULL, 1);
INSERT OR REPLACE INTO engine_models (id, engine_type_id, name, model_path, mmproj_path, draft_model_path, quantization, size_bytes, last_modified, host_id, is_sharded, total_shards, discovered, created_at, model_params, preset_count, sha256_model, sha256_mmproj, sha256_draft, sha256_verified_at_model, sha256_verified_at_mmproj, sha256_verified_at_draft, is_active) VALUES (521, 21, 'qwen3.6-35b-a3b-iq2xxs-q2k.gguf', '/mnt/llama/gguf/models/ManiacLabs/Qwen3.6-35B-A3B-2bit/qwen3.6-35b-a3b-iq2xxs-q2k.gguf', NULL, NULL, NULL, 12636325472, NULL, NULL, 0, NULL, 1, '2026-06-12T04:09:13', '{"top_p": 0.95, "top_k": 20, "min_p": 0.0, "temp": 0.6}', 0, NULL, NULL, NULL, NULL, NULL, NULL, 1);
INSERT OR REPLACE INTO engine_models (id, engine_type_id, name, model_path, mmproj_path, draft_model_path, quantization, size_bytes, last_modified, host_id, is_sharded, total_shards, discovered, created_at, model_params, preset_count, sha256_model, sha256_mmproj, sha256_draft, sha256_verified_at_model, sha256_verified_at_mmproj, sha256_verified_at_draft, is_active) VALUES (525, 21, 'gemma-4-E2B-it-qat-UD-Q2_K_XL.gguf', '/mnt/llama/gguf/models/unsloth/gemma-4-E2B-it-qat-mobile-GGUF/gemma-4-E2B-it-qat-UD-Q2_K_XL.gguf', '/mnt/llama/gguf/models/unsloth/gemma-4-E2B-it-qat-mobile-GGUF/mmproj-F32.gguf', '..ID..524', 'Q2_K_XL', 2186184768, NULL, NULL, 0, NULL, 1, '2026-06-12T04:09:13', '{"temp": 1.0, "top_p": 0.95, "top_k": 64}', 0, NULL, NULL, NULL, NULL, NULL, NULL, 1);
INSERT OR REPLACE INTO engine_models (id, engine_type_id, name, model_path, mmproj_path, draft_model_path, quantization, size_bytes, last_modified, host_id, is_sharded, total_shards, discovered, created_at, model_params, preset_count, sha256_model, sha256_mmproj, sha256_draft, sha256_verified_at_model, sha256_verified_at_mmproj, sha256_verified_at_draft, is_active) VALUES (529, 21, 'gemma-4-E4B-it-qat-UD-Q2_K_XL.gguf', '/mnt/llama/gguf/models/unsloth/gemma-4-E4B-it-qat-mobile-GGUF/gemma-4-E4B-it-qat-UD-Q2_K_XL.gguf', '/mnt/llama/gguf/models/unsloth/gemma-4-E4B-it-qat-mobile-GGUF/mmproj-F32.gguf', '..ID..528', 'Q2_K_XL', 3219530176, NULL, NULL, 0, NULL, 1, '2026-06-12T04:09:13', '{"temp": 1.0, "top_p": 0.95, "top_k": 64}', 0, NULL, NULL, NULL, NULL, NULL, NULL, 1);

-- ENGINE PRESETS (fresh export 2026-06-14T16:45:38+00:00)
INSERT OR REPLACE INTO engine_presets (id, engine_type_id, name, category, config_template, tags, created_at, updated_at, model_id, gpu_device) VALUES (10, 22, 'RPC-Default', 'system', '{"env": {}, "cli_opts": []}', '[]', '2026-06-09T18:14:25', '2026-06-09T18:14:25', NULL, NULL);
INSERT OR REPLACE INTO engine_presets (id, engine_type_id, name, category, config_template, tags, created_at, updated_at, model_id, gpu_device) VALUES (11, 22, 'RPC-CPU-Default', 'system', '{"env": {}, "cli_opts": ["-d", "CPU"]}', '[]', '2026-06-02T21:59:55', '2026-06-02T21:59:55', NULL, NULL);
INSERT OR REPLACE INTO engine_presets (id, engine_type_id, name, category, config_template, tags, created_at, updated_at, model_id, gpu_device) VALUES (12, 22, 'RPC-Vulkan0-Default', 'default', '{"cli_opts": ["-d", "Vulkan0"], "env": {}}', '[]', '2026-06-03T02:20:32', '2026-06-03T02:20:32', NULL, NULL);
INSERT OR REPLACE INTO engine_presets (id, engine_type_id, name, category, config_template, tags, created_at, updated_at, model_id, gpu_device) VALUES (13, 22, 'RPC-CUDA0-Default', 'default', '{"cli_opts": ["-d", "CUDA0"], "env": {}}', '[]', '2026-06-03T02:20:32', '2026-06-03T02:20:32', NULL, NULL);
INSERT OR REPLACE INTO engine_presets (id, engine_type_id, name, category, config_template, tags, created_at, updated_at, model_id, gpu_device) VALUES (14, 22, 'RPC-CPU-2Threads', 'default', '{"cli_opts": ["-d", "CPU", "-t", "2"], "env": {}}', '[]', '2026-06-08T02:30:14', '2026-06-08T02:30:14', NULL, NULL);
INSERT OR REPLACE INTO engine_presets (id, engine_type_id, name, category, config_template, tags, created_at, updated_at, model_id, gpu_device) VALUES (15, 22, 'RPC-CPU-4Threads', 'default', '{"cli_opts": ["-d", "CPU", "-t", "4"], "env": {}}', '[]', '2026-06-08T03:59:21', '2026-06-08T03:59:21', NULL, NULL);
INSERT OR REPLACE INTO engine_presets (id, engine_type_id, name, category, config_template, tags, created_at, updated_at, model_id, gpu_device) VALUES (17, 31, 'iperf3-Server', 'server', '{"env": {"binary_path": "/usr/bin/iperf3"}, "cli_opts": ["-s", "-B", "0.0.0.0", "-p", "5201"], "model": {}}', '[]', '2026-06-02T21:59:55', '2026-06-02T21:59:55', NULL, NULL);
INSERT OR REPLACE INTO engine_presets (id, engine_type_id, name, category, config_template, tags, created_at, updated_at, model_id, gpu_device) VALUES (18, 31, 'iperf3-Client', 'client', '{"env": {"binary_path": "/usr/bin/iperf3", "target_host": "", "target_port": "5201"}, "cli_opts": ["-c", "{{ target_host }}", "-p", "{{ target_port }}", "-t", "30"], "model": {}}', '[]', '2026-06-02T21:59:55', '2026-06-02T21:59:55', NULL, NULL);
INSERT OR REPLACE INTO engine_presets (id, engine_type_id, name, category, config_template, tags, created_at, updated_at, model_id, gpu_device) VALUES (100, 21, '1-NoModel-ROUER-Mode', 'only for fast deploy test', '{"env": {"LLAMA_ARG_BATCH": "2048", "LLAMA_ARG_CACHE_RAM": "2048", "LLAMA_ARG_CTX_SIZE": "32768", "LLAMA_ARG_FLASH_ATTN": "1", "LLAMA_ARG_N_GPU_LAYERS": "100", "LLAMA_ARG_N_PARALLEL": "1", "LLAMA_ARG_UBATCH": "512"}, "cli_opts": []}', '[]', '2026-06-07T19:46:46', '2026-06-07T19:46:46', NULL, NULL);
INSERT OR REPLACE INTO engine_presets (id, engine_type_id, name, category, config_template, tags, created_at, updated_at, model_id, gpu_device) VALUES (101, 21, 'QR-TEST-Bonsai-1-1.7B-Q2-236MB', '1-bit-computing', '{"env": {"LLAMA_ARG_BATCH": "2048", "LLAMA_ARG_CACHE_RAM": "2048", "LLAMA_ARG_CTX_SIZE": "32768", "LLAMA_ARG_FLASH_ATTN": "1", "LLAMA_ARG_N_GPU_LAYERS": "100", "LLAMA_ARG_N_PARALLEL": "1", "LLAMA_ARG_UBATCH": "512"}, "cli_opts": []}', '[]', '2026-05-30T13:03:48', '2026-05-30T13:03:48', 412, NULL);
INSERT OR REPLACE INTO engine_presets (id, engine_type_id, name, category, config_template, tags, created_at, updated_at, model_id, gpu_device) VALUES (102, 21, 'QR-TEST-Bonsai-1-4B-Q2-546MB', '1-bit-computing', '{"env": {"LLAMA_ARG_BATCH": "2048", "LLAMA_ARG_CACHE_RAM": "2048", "LLAMA_ARG_CTX_SIZE": "32768", "LLAMA_ARG_FLASH_ATTN": "1", "LLAMA_ARG_N_GPU_LAYERS": "100", "LLAMA_ARG_N_PARALLEL": "1", "LLAMA_ARG_UBATCH": "512"}, "cli_opts": []}', '[]', '2026-05-30T13:04:03', '2026-05-30T13:04:03', 410, NULL);
INSERT OR REPLACE INTO engine_presets (id, engine_type_id, name, category, config_template, tags, created_at, updated_at, model_id, gpu_device) VALUES (103, 21, 'QR-TEST-Bonsai-1-8B-Q2-1.1GB', '1-bit-computing', '{"env": {"LLAMA_ARG_BATCH": "2048", "LLAMA_ARG_CACHE_RAM": "2048", "LLAMA_ARG_CTX_SIZE": "65536", "LLAMA_ARG_FLASH_ATTN": "1", "LLAMA_ARG_N_GPU_LAYERS": "100", "LLAMA_ARG_N_PARALLEL": "1", "LLAMA_ARG_UBATCH": "512"}, "cli_opts": ["--jinja"]}', '[]', '2026-05-30T13:04:13', '2026-05-30T13:04:13', 411, NULL);
INSERT OR REPLACE INTO engine_presets (id, engine_type_id, name, category, config_template, tags, created_at, updated_at, model_id, gpu_device) VALUES (104, 21, 'QR-TEST-Qwen35-0B8-Q8-lms-Vis-1GB', 'Qwen-small', '{"env": {"LLAMA_ARG_BATCH": "2048", "LLAMA_ARG_CACHE_RAM": "2048", "LLAMA_ARG_CTX_SIZE": "131072", "LLAMA_ARG_FLASH_ATTN": "1", "LLAMA_ARG_N_GPU_LAYERS": "100", "LLAMA_ARG_N_PARALLEL": "1", "LLAMA_ARG_UBATCH": "512"}, "cli_opts": ["--reasoning", "off"]}', '[]', '2026-05-30T16:08:20', '2026-05-30T16:08:20', 444, NULL);
INSERT OR REPLACE INTO engine_presets (id, engine_type_id, name, category, config_template, tags, created_at, updated_at, model_id, gpu_device) VALUES (105, 21, 'QR-TEST-Qwen35-2B-Q8-lms-Vis-2GB', 'Qwen-small', '{"env": {"LLAMA_ARG_BATCH": "2048", "LLAMA_ARG_CACHE_RAM": "2048", "LLAMA_ARG_CTX_SIZE": "131072", "LLAMA_ARG_FLASH_ATTN": "1", "LLAMA_ARG_N_GPU_LAYERS": "99", "LLAMA_ARG_N_PARALLEL": "1", "LLAMA_ARG_UBATCH": "512"}, "cli_opts": ["--reasoning", "off"]}', '[]', '2026-05-30T16:08:52', '2026-05-30T16:08:52', 442, NULL);
INSERT OR REPLACE INTO engine_presets (id, engine_type_id, name, category, config_template, tags, created_at, updated_at, model_id, gpu_device) VALUES (106, 21, 'QR-TEST-Qwen35-9B-Q8-10GB', 'Qwen-small', '{"env": {"LLAMA_ARG_BATCH": "2048", "LLAMA_ARG_CACHE_RAM": "2048", "LLAMA_ARG_CTX_SIZE": "262144", "LLAMA_ARG_FLASH_ATTN": "1", "LLAMA_ARG_N_GPU_LAYERS": "99", "LLAMA_ARG_N_PARALLEL": "1", "LLAMA_ARG_UBATCH": "512"}, "cli_opts": ["--reasoning", "off", "--presence-penalty", "1.0", "--repeat-penalty", "1.0"]}', '[]', '2026-05-30T16:09:23', '2026-05-30T16:09:23', 446, NULL);
INSERT OR REPLACE INTO engine_presets (id, engine_type_id, name, category, config_template, tags, created_at, updated_at, model_id, gpu_device) VALUES (107, 21, 'QR-DESIGNER: Qwen36-35B-A3B-Q5KM-23GB', 'default', '{"env": {"LLAMA_ARG_BATCH": "2048", "LLAMA_ARG_CACHE_RAM": "2048", "LLAMA_ARG_CTX_SIZE": "262144", "LLAMA_ARG_FLASH_ATTN": "1", "LLAMA_ARG_KV_UNIFIED": "1", "LLAMA_ARG_N_GPU_LAYERS": "100", "LLAMA_ARG_N_PARALLEL": "1", "LLAMA_ARG_UBATCH": "512", "LLAMA_CHAT_TEMPLATE_KWARGS": "{\"enable_thinking\": true, \"preserve_thinking\": true}"}, "cli_opts": ["--no-context-shift", "--presence-penalty", "1.0", "--repeat-penalty", "1.0", "--jinja", "--spec-draft-n-max", "2", "--spec-type draft-mtp", "--ctx-checkpoints", "64", "--checkpoint-min-step", "4096"]}', '[]', '2026-05-31T05:12:48', '2026-05-31T05:12:48', 452, NULL);
INSERT OR REPLACE INTO engine_presets (id, engine_type_id, name, category, config_template, tags, created_at, updated_at, model_id, gpu_device) VALUES (108, 21, 'QR-TEST-MiniCPM5-1B-heretic-Q8-1GB', 'Mini', '{"env": {"LLAMA_ARG_BATCH": "2048", "LLAMA_ARG_CACHE_RAM": "2048", "LLAMA_ARG_CTX_SIZE": "131072", "LLAMA_ARG_FLASH_ATTN": "1", "LLAMA_ARG_N_PARALLEL": "1", "LLAMA_ARG_UBATCH": "512"}, "cli_opts": []}', '[]', '2026-06-05T03:39:25', '2026-06-05T03:39:25', 420, NULL);
INSERT OR REPLACE INTO engine_presets (id, engine_type_id, name, category, config_template, tags, created_at, updated_at, model_id, gpu_device) VALUES (109, 21, 'QR-TEST-LFM2.5-8B-A1B-Q8-8GB', 'Mini', '{"env": {"LLAMA_ARG_BATCH": "2048", "LLAMA_ARG_CTX_SIZE": "128000", "LLAMA_ARG_FLASH_ATTN": "1", "LLAMA_ARG_N_PARALLEL": "1", "LLAMA_ARG_UBATCH": "512"}, "cli_opts": ["--jinja"]}', '[]', '2026-06-05T03:39:25', '2026-06-05T03:39:25', 494, NULL);
INSERT OR REPLACE INTO engine_presets (id, engine_type_id, name, category, config_template, tags, created_at, updated_at, model_id, gpu_device) VALUES (110, 21, 'QR-TEST-Qwen35-4B-Q8-4GB', 'Qwen-small', '{"env": {"LLAMA_ARG_BATCH": "2048", "LLAMA_ARG_CACHE_RAM": "2048", "LLAMA_ARG_CTX_SIZE": "131072", "LLAMA_ARG_FLASH_ATTN": "1", "LLAMA_ARG_N_GPU_LAYERS": "99", "LLAMA_ARG_N_PARALLEL": "1", "LLAMA_ARG_UBATCH": "512"}, "cli_opts": ["--reasoning", "off"]}', '[]', '2026-06-08T04:35:24', '2026-06-08T04:35:24', 434, NULL);
INSERT OR REPLACE INTO engine_presets (id, engine_type_id, name, category, config_template, tags, created_at, updated_at, model_id, gpu_device) VALUES (111, 21, 'QR-BIG-Step37flash-Q3KM-87GB', 'default', '{"env": {"LLAMA_ARG_BATCH": "2048", "LLAMA_ARG_CACHE_RAM": "2048", "LLAMA_ARG_CTX_SIZE": "262144", "LLAMA_ARG_FLASH_ATTN": "1", "LLAMA_ARG_KV_UNIFIED": "1", "LLAMA_ARG_N_GPU_LAYERS": "100", "LLAMA_ARG_N_PARALLEL": "1", "LLAMA_ARG_UBATCH": "512"}, "cli_opts": []}', '[]', '2026-06-08T07:14:36', '2026-06-08T07:14:36', 398, NULL);
INSERT OR REPLACE INTO engine_presets (id, engine_type_id, name, category, config_template, tags, created_at, updated_at, model_id, gpu_device) VALUES (112, 21, 'QR-gemma-4-E4B-Q8_0-8GB', 'default', '{"env": {"LLAMA_ARG_CTX_SIZE": "131072", "LLAMA_ARG_UBATCH": "512", "LLAMA_ARG_BATCH": "2048", "LLAMA_ARG_CACHE_RAM": "2048", "LLAMA_CHAT_TEMPLATE_KWARGS": "{\"enable_thinking\": true}", "LLAMA_ARG_FLASH_ATTN": "1", "LLAMA_ARG_KV_UNIFIED": "1", "LLAMA_ARG_N_GPU_LAYERS": "100", "LLAMA_ARG_N_PARALLEL": "1"}, "cli_opts": [], "model": {}}', '[]', '2026-06-10T04:20:07', '2026-06-10T04:20:07', 461, NULL);
INSERT OR REPLACE INTO engine_presets (id, engine_type_id, name, category, config_template, tags, created_at, updated_at, model_id, gpu_device) VALUES (113, 21, 'QR-gemma-4-12B-it-Q4_0-7GB', 'MTP-testing', '{"env": {"LLAMA_ARG_BATCH": "2048", "LLAMA_ARG_CACHE_RAM": "2048", "LLAMA_ARG_CTX_SIZE": "262144", "LLAMA_ARG_FLASH_ATTN": "1", "LLAMA_ARG_KV_UNIFIED": "1", "LLAMA_ARG_N_GPU_LAYERS": "100", "LLAMA_ARG_N_PARALLEL": "1", "LLAMA_ARG_UBATCH": "512", "LLAMA_CHAT_TEMPLATE_KWARGS": "{\"enable_thinking\": true}"}, "cli_opts": []}', '[]', '2026-06-10T04:20:07', '2026-06-10T04:20:07', 441, NULL);
INSERT OR REPLACE INTO engine_presets (id, engine_type_id, name, category, config_template, tags, created_at, updated_at, model_id, gpu_device) VALUES (114, 21, 'QR-QAT-MTP-gemma-4-12B-it-Q4_K_XL-7GB', 'default', '{"env": {"LLAMA_ARG_BATCH": "2048", "LLAMA_ARG_CACHE_RAM": "2048", "LLAMA_ARG_CTX_SIZE": "262144", "LLAMA_ARG_FLASH_ATTN": "1", "LLAMA_ARG_KV_UNIFIED": "1", "LLAMA_ARG_N_GPU_LAYERS": "100", "LLAMA_ARG_N_PARALLEL": "1", "LLAMA_ARG_UBATCH": "512", "LLAMA_CHAT_TEMPLATE_KWARGS": "{\"enable_thinking\": true}"}, "cli_opts": ["--spec-type", "draft-mtp"]}', '[]', '2026-06-10T04:20:07', '2026-06-10T04:20:07', 498, NULL);
INSERT OR REPLACE INTO engine_presets (id, engine_type_id, name, category, config_template, tags, created_at, updated_at, model_id, gpu_device) VALUES (115, 21, 'QR-QAT-MTP-gemma-4-26B-A4B-Q4_K_XL-14GB', 'default', '{"env": {"LLAMA_ARG_BATCH": "2048", "LLAMA_ARG_CACHE_RAM": "2048", "LLAMA_ARG_CTX_SIZE": "262144", "LLAMA_ARG_FLASH_ATTN": "1", "LLAMA_ARG_KV_UNIFIED": "1", "LLAMA_ARG_N_GPU_LAYERS": "100", "LLAMA_ARG_N_PARALLEL": "1", "LLAMA_ARG_UBATCH": "512", "LLAMA_CHAT_TEMPLATE_KWARGS": "{\"enable_thinking\": true}"}, "cli_opts": ["--spec-type", "draft-mtp"]}', '[]', '2026-06-10T04:21:21', '2026-06-10T04:21:21', 501, NULL);
INSERT OR REPLACE INTO engine_presets (id, engine_type_id, name, category, config_template, tags, created_at, updated_at, model_id, gpu_device) VALUES (116, 21, 'QR-gemma-4-31B-Q4_K_XL-16GB', 'default', '{"env": {"LLAMA_ARG_CTX_SIZE": "262144", "LLAMA_ARG_UBATCH": "512", "LLAMA_ARG_BATCH": "2048", "LLAMA_ARG_CACHE_RAM": "2048", "LLAMA_CHAT_TEMPLATE_KWARGS": "{\"enable_thinking\": true}", "LLAMA_ARG_FLASH_ATTN": "1", "LLAMA_ARG_KV_UNIFIED": "1", "LLAMA_ARG_N_GPU_LAYERS": "100", "LLAMA_ARG_N_PARALLEL": "1"}, "cli_opts": [], "model": {}}', '[]', '2026-06-10T04:21:21', '2026-06-10T04:21:21', 495, NULL);
INSERT OR REPLACE INTO engine_presets (id, engine_type_id, name, category, config_template, tags, created_at, updated_at, model_id, gpu_device) VALUES (117, 21, 'QR-TEST-LFM2.5-8B-A1B-Q4_K_S-5GB', 'Mini', '{"env": {"LLAMA_ARG_BATCH": "2048", "LLAMA_ARG_CTX_SIZE": "128000", "LLAMA_ARG_FLASH_ATTN": "1", "LLAMA_ARG_N_PARALLEL": "1", "LLAMA_ARG_UBATCH": "512"}, "cli_opts": ["--jinja"]}', '[]', '2026-06-12T06:32:32', '2026-06-12T06:32:32', 439, NULL);
INSERT OR REPLACE INTO engine_presets (id, engine_type_id, name, category, config_template, tags, created_at, updated_at, model_id, gpu_device) VALUES (118, 21, 'QR-Qwen3.5-4B-Q4_0-1GB', 'qwen-small', '{"env":{"LLAMA_ARG_BATCH":"2048","LLAMA_ARG_CACHE_RAM":"2048","LLAMA_ARG_CTX_SIZE":"131072","LLAMA_ARG_FLASH_ATTN":"1","LLAMA_ARG_KV_UNIFIED":"1","LLAMA_ARG_N_GPU_LAYERS":"99","LLAMA_ARG_N_PARALLEL":"1","LLAMA_ARG_UBATCH":"512"},"cli_opts":["--presence-penalty","1.0","--repeat-penalty","1.0","--jinja"],"model":{}}', '[]', '2026-06-12T07:17:54', '2026-06-12T07:17:54', 435, NULL);
INSERT OR REPLACE INTO engine_presets (id, engine_type_id, name, category, config_template, tags, created_at, updated_at, model_id, gpu_device) VALUES (119, 21, 'QR-Qwen3.5-2B-Q4_0-562MB', 'qwen-small', '{"env":{"LLAMA_ARG_BATCH":"2048","LLAMA_ARG_CACHE_RAM":"2048","LLAMA_ARG_CTX_SIZE":"131072","LLAMA_ARG_FLASH_ATTN":"1","LLAMA_ARG_KV_UNIFIED":"1","LLAMA_ARG_N_GPU_LAYERS":"99","LLAMA_ARG_N_PARALLEL":"1","LLAMA_ARG_UBATCH":"512"},"cli_opts":["--presence-penalty","1.0","--repeat-penalty","1.0","--jinja"],"model":{}}', '[]', '2026-06-12T07:17:54', '2026-06-12T07:17:54', 443, NULL);
INSERT OR REPLACE INTO engine_presets (id, engine_type_id, name, category, config_template, tags, created_at, updated_at, model_id, gpu_device) VALUES (120, 21, 'QR-Qwen3.5-122B-A10B-UD-Q4_K_S-75GB', 'qwen-large', '{"env":{"LLAMA_ARG_BATCH":"2048","LLAMA_ARG_CACHE_RAM":"2048","LLAMA_ARG_CTX_SIZE":"262144","LLAMA_ARG_FLASH_ATTN":"1","LLAMA_ARG_KV_UNIFIED":"1","LLAMA_ARG_N_GPU_LAYERS":"100","LLAMA_ARG_N_PARALLEL":"1","LLAMA_ARG_UBATCH":"512","LLAMA_CHAT_TEMPLATE_KWARGS":"{\"enable_thinking\": true, \"preserve_thinking\": true}"},"cli_opts":["--presence-penalty","1.0","--repeat-penalty","1.0","--jinja"],"model":{}}', '[]', '2026-06-12T07:17:54', '2026-06-12T07:17:54', 399, NULL);
INSERT OR REPLACE INTO engine_presets (id, engine_type_id, name, category, config_template, tags, created_at, updated_at, model_id, gpu_device) VALUES (121, 21, 'QR-Qwen3.6-35B-A3B-Q8_0-20GB', 'qwen-large', '{"env":{"LLAMA_ARG_BATCH":"2048","LLAMA_ARG_CACHE_RAM":"2048","LLAMA_ARG_CTX_SIZE":"262144","LLAMA_ARG_FLASH_ATTN":"1","LLAMA_ARG_KV_UNIFIED":"1","LLAMA_ARG_N_GPU_LAYERS":"100","LLAMA_ARG_N_PARALLEL":"1","LLAMA_ARG_UBATCH":"512","LLAMA_CHAT_TEMPLATE_KWARGS":"{\"enable_thinking\": true, \"preserve_thinking\": true}"},"cli_opts":["--presence-penalty","1.0","--repeat-penalty","1.0","--jinja"],"model":{}}', '[]', '2026-06-12T07:17:54', '2026-06-12T07:17:54', 432, NULL);
INSERT OR REPLACE INTO engine_presets (id, engine_type_id, name, category, config_template, tags, created_at, updated_at, model_id, gpu_device) VALUES (122, 21, 'QR-Qwen3.6-35B-A3B-UD-Q4_K_M-20GB', 'qwen-large', '{"env":{"LLAMA_ARG_BATCH":"2048","LLAMA_ARG_CACHE_RAM":"2048","LLAMA_ARG_CTX_SIZE":"262144","LLAMA_ARG_FLASH_ATTN":"1","LLAMA_ARG_KV_UNIFIED":"1","LLAMA_ARG_N_GPU_LAYERS":"100","LLAMA_ARG_N_PARALLEL":"1","LLAMA_ARG_UBATCH":"512","LLAMA_CHAT_TEMPLATE_KWARGS":"{\"enable_thinking\": true, \"preserve_thinking\": true}"},"cli_opts":["--presence-penalty","1.0","--repeat-penalty","1.0","--jinja"],"model":{}}', '[]', '2026-06-12T07:17:54', '2026-06-12T07:17:54', 433, NULL);
INSERT OR REPLACE INTO engine_presets (id, engine_type_id, name, category, config_template, tags, created_at, updated_at, model_id, gpu_device) VALUES (123, 21, 'QR-Qwen3.5-9B-Q4_K_M-5GB', 'qwen-large', '{"env":{"LLAMA_ARG_BATCH":"2048","LLAMA_ARG_CACHE_RAM":"2048","LLAMA_ARG_CTX_SIZE":"262144","LLAMA_ARG_FLASH_ATTN":"1","LLAMA_ARG_KV_UNIFIED":"1","LLAMA_ARG_N_GPU_LAYERS":"100","LLAMA_ARG_N_PARALLEL":"1","LLAMA_ARG_UBATCH":"512","LLAMA_CHAT_TEMPLATE_KWARGS":"{\"enable_thinking\": true, \"preserve_thinking\": true}"},"cli_opts":["--presence-penalty","1.0","--repeat-penalty","1.0","--jinja"],"model":{}}', '[]', '2026-06-12T07:17:54', '2026-06-12T07:17:54', 445, NULL);
INSERT OR REPLACE INTO engine_presets (id, engine_type_id, name, category, config_template, tags, created_at, updated_at, model_id, gpu_device) VALUES (124, 21, 'QR-qwen3.6-35B-A3B-FP8-Q4_K_M-MTP-20GB', 'qwen-large', '{"env":{"LLAMA_ARG_BATCH":"2048","LLAMA_ARG_CACHE_RAM":"2048","LLAMA_ARG_CTX_SIZE":"262144","LLAMA_ARG_FLASH_ATTN":"1","LLAMA_ARG_KV_UNIFIED":"1","LLAMA_ARG_N_GPU_LAYERS":"100","LLAMA_ARG_N_PARALLEL":"1","LLAMA_ARG_UBATCH":"512","LLAMA_CHAT_TEMPLATE_KWARGS":"{\"enable_thinking\": true, \"preserve_thinking\": true}"},"cli_opts":["--presence-penalty","1.0","--repeat-penalty","1.0","--jinja"],"model":{}}', '[]', '2026-06-12T07:17:54', '2026-06-12T07:17:54', 474, NULL);
INSERT OR REPLACE INTO engine_presets (id, engine_type_id, name, category, config_template, tags, created_at, updated_at, model_id, gpu_device) VALUES (125, 21, 'QR-Qwen3.6-27B-Q4_K_M-mtp-15GB', 'qwen-large', '{"env":{"LLAMA_ARG_BATCH":"2048","LLAMA_ARG_CACHE_RAM":"2048","LLAMA_ARG_CTX_SIZE":"262144","LLAMA_ARG_FLASH_ATTN":"1","LLAMA_ARG_KV_UNIFIED":"1","LLAMA_ARG_N_GPU_LAYERS":"100","LLAMA_ARG_N_PARALLEL":"1","LLAMA_ARG_UBATCH":"512","LLAMA_CHAT_TEMPLATE_KWARGS":"{\"enable_thinking\": true, \"preserve_thinking\": true}"},"cli_opts":["--presence-penalty","1.0","--repeat-penalty","1.0","--jinja"],"model":{}}', '[]', '2026-06-12T07:17:54', '2026-06-12T07:17:54', 477, NULL);
INSERT OR REPLACE INTO engine_presets (id, engine_type_id, name, category, config_template, tags, created_at, updated_at, model_id, gpu_device) VALUES (126, 21, 'QR-Qwen3.6-27B-Q6_K-mtp-15GB', 'qwen-large', '{"env":{"LLAMA_ARG_BATCH":"2048","LLAMA_ARG_CACHE_RAM":"2048","LLAMA_ARG_CTX_SIZE":"262144","LLAMA_ARG_FLASH_ATTN":"1","LLAMA_ARG_KV_UNIFIED":"1","LLAMA_ARG_N_GPU_LAYERS":"100","LLAMA_ARG_N_PARALLEL":"1","LLAMA_ARG_UBATCH":"512","LLAMA_CHAT_TEMPLATE_KWARGS":"{\"enable_thinking\": true, \"preserve_thinking\": true}"},"cli_opts":["--presence-penalty","1.0","--repeat-penalty","1.0","--jinja"],"model":{}}', '[]', '2026-06-12T07:17:55', '2026-06-12T07:17:55', 478, NULL);
INSERT OR REPLACE INTO engine_presets (id, engine_type_id, name, category, config_template, tags, created_at, updated_at, model_id, gpu_device) VALUES (127, 21, 'QR-qwen3.6-35b-a3b-iq2xxs-q2k-12GB', 'qwen-large', '{"env": {"LLAMA_ARG_BATCH": "2048", "LLAMA_ARG_CACHE_RAM": "2048", "LLAMA_ARG_CTX_SIZE": "262144", "LLAMA_ARG_FLASH_ATTN": "1", "LLAMA_ARG_KV_UNIFIED": "1", "LLAMA_ARG_N_GPU_LAYERS": "100", "LLAMA_ARG_N_PARALLEL": "1", "LLAMA_ARG_UBATCH": "512", "LLAMA_CHAT_TEMPLATE_KWARGS": "{\"enable_thinking\": true, \"preserve_thinking\": true}"}, "cli_opts": ["--presence-penalty", "1.0", "--repeat-penalty", "1.0", "--jinja"]}', '[]', '2026-06-12T07:17:55', '2026-06-12T07:17:55', 521, NULL);
INSERT OR REPLACE INTO engine_presets (id, engine_type_id, name, category, config_template, tags, created_at, updated_at, model_id, gpu_device) VALUES (128, 21, 'QR-gemma-4-E4B-it-Q4_K_M-6GB', 'gemma-4-small', '{"env":{"LLAMA_ARG_BATCH":"2048","LLAMA_ARG_CACHE_RAM":"2048","LLAMA_ARG_CTX_SIZE":"131072","LLAMA_ARG_FLASH_ATTN":"1","LLAMA_ARG_KV_UNIFIED":"1","LLAMA_ARG_N_GPU_LAYERS":"100","LLAMA_ARG_N_PARALLEL":"1","LLAMA_ARG_UBATCH":"512","LLAMA_CHAT_TEMPLATE_KWARGS":"{\"enable_thinking\": true}"},"cli_opts":[],"model":{}}', '[]', '2026-06-12T07:23:11', '2026-06-12T07:23:11', 460, NULL);
INSERT OR REPLACE INTO engine_presets (id, engine_type_id, name, category, config_template, tags, created_at, updated_at, model_id, gpu_device) VALUES (129, 21, 'QR-gemma-4-E2B-it-Q4_K_M-4GB', 'gemma-4-small', '{"env":{"LLAMA_ARG_BATCH":"2048","LLAMA_ARG_CACHE_RAM":"2048","LLAMA_ARG_CTX_SIZE":"131072","LLAMA_ARG_FLASH_ATTN":"1","LLAMA_ARG_KV_UNIFIED":"1","LLAMA_ARG_N_GPU_LAYERS":"100","LLAMA_ARG_N_PARALLEL":"1","LLAMA_ARG_UBATCH":"512","LLAMA_CHAT_TEMPLATE_KWARGS":"{\"enable_thinking\": true}"},"cli_opts":[],"model":{}}', '[]', '2026-06-12T07:23:11', '2026-06-12T07:23:11', 468, NULL);
INSERT OR REPLACE INTO engine_presets (id, engine_type_id, name, category, config_template, tags, created_at, updated_at, model_id, gpu_device) VALUES (130, 21, 'QR-gemma-4-E2B-it-qat-UD-Q2_K_XL-4GB', 'gemma-4-small', '{"env":{"LLAMA_ARG_BATCH":"2048","LLAMA_ARG_CACHE_RAM":"2048","LLAMA_ARG_CTX_SIZE":"131072","LLAMA_ARG_FLASH_ATTN":"1","LLAMA_ARG_KV_UNIFIED":"1","LLAMA_ARG_N_GPU_LAYERS":"100","LLAMA_ARG_N_PARALLEL":"1","LLAMA_ARG_UBATCH":"512","LLAMA_CHAT_TEMPLATE_KWARGS":"{\"enable_thinking\": true}"},"cli_opts":["--spec-type","draft-mtp"],"model":{}}', '[]', '2026-06-12T07:23:11', '2026-06-12T07:23:11', 525, NULL);
INSERT OR REPLACE INTO engine_presets (id, engine_type_id, name, category, config_template, tags, created_at, updated_at, model_id, gpu_device) VALUES (131, 21, 'QR-gemma-4-E4B-it-qat-UD-Q2_K_XL-6GB', 'gemma-4-small', '{"env":{"LLAMA_ARG_BATCH":"2048","LLAMA_ARG_CACHE_RAM":"2048","LLAMA_ARG_CTX_SIZE":"131072","LLAMA_ARG_FLASH_ATTN":"1","LLAMA_ARG_KV_UNIFIED":"1","LLAMA_ARG_N_GPU_LAYERS":"100","LLAMA_ARG_N_PARALLEL":"1","LLAMA_ARG_UBATCH":"512","LLAMA_CHAT_TEMPLATE_KWARGS":"{\"enable_thinking\": true}"},"cli_opts":["--spec-type","draft-mtp"],"model":{}}', '[]', '2026-06-12T07:23:11', '2026-06-12T07:23:11', 529, NULL);
INSERT OR REPLACE INTO engine_presets (id, engine_type_id, name, category, config_template, tags, created_at, updated_at, model_id, gpu_device) VALUES (132, 21, 'QR-EMBED-bge-m3-q8_0-1GB', 'embed', '{"env":{"LLAMA_ARG_CTX_SIZE":"32768","LLAMA_ARG_N_GPU_LAYERS":"99","LLAMA_ARG_N_PARALLEL":"4"},"cli_opts":["--embeddings"],"model":{}}', '[]', '2026-06-12T07:33:33', '2026-06-12T07:33:33', 430, NULL);
INSERT OR REPLACE INTO engine_presets (id, engine_type_id, name, category, config_template, tags, created_at, updated_at, model_id, gpu_device) VALUES (133, 21, 'QR-DeepSeek-V4-Flash-IQ2XXS-81GB', 'default', '{"env":{"LLAMA_ARG_BATCH":"2048","LLAMA_ARG_CACHE_RAM":"2048","LLAMA_ARG_CTX_SIZE":"32768","LLAMA_ARG_FLASH_ATTN":"1","LLAMA_ARG_N_GPU_LAYERS":"100","LLAMA_ARG_N_PARALLEL":"1","LLAMA_ARG_UBATCH":"512"},"cli_opts":[],"model":{}}', '[]', '2026-06-12T07:33:33', '2026-06-12T07:33:33', 418, NULL);
INSERT OR REPLACE INTO engine_presets (id, engine_type_id, name, category, config_template, tags, created_at, updated_at, model_id, gpu_device) VALUES (134, 21, 'QR-MiniCPM5-1B-Q4_K_M-562MB', 'default', '{"env":{"LLAMA_ARG_BATCH":"2048","LLAMA_ARG_CACHE_RAM":"2048","LLAMA_ARG_CTX_SIZE":"32768","LLAMA_ARG_FLASH_ATTN":"1","LLAMA_ARG_N_GPU_LAYERS":"100","LLAMA_ARG_N_PARALLEL":"1","LLAMA_ARG_UBATCH":"512"},"cli_opts":[],"model":{}}', '[]', '2026-06-12T07:33:33', '2026-06-12T07:33:33', 421, NULL);
INSERT OR REPLACE INTO engine_presets (id, engine_type_id, name, category, config_template, tags, created_at, updated_at, model_id, gpu_device) VALUES (136, 21, 'QR-MiniCPM-V-4.6-bf16-1GB', 'default', '{"env":{"LLAMA_ARG_BATCH":"2048","LLAMA_ARG_CACHE_RAM":"2048","LLAMA_ARG_CTX_SIZE":"32768","LLAMA_ARG_FLASH_ATTN":"1","LLAMA_ARG_N_GPU_LAYERS":"100","LLAMA_ARG_N_PARALLEL":"1","LLAMA_ARG_UBATCH":"512"},"cli_opts":[],"model":{}}', '[]', '2026-06-12T07:33:33', '2026-06-12T07:33:33', 424, NULL);
INSERT OR REPLACE INTO engine_presets (id, engine_type_id, name, category, config_template, tags, created_at, updated_at, model_id, gpu_device) VALUES (137, 21, 'QR-Nemotron-3-Nano-Omni-30B-A3B-Reasoning-Q4_K_M-23GB', 'default', '{"env":{"LLAMA_ARG_BATCH":"2048","LLAMA_ARG_CACHE_RAM":"2048","LLAMA_ARG_CTX_SIZE":"32768","LLAMA_ARG_FLASH_ATTN":"1","LLAMA_ARG_N_GPU_LAYERS":"100","LLAMA_ARG_N_PARALLEL":"1","LLAMA_ARG_UBATCH":"512"},"cli_opts":[],"model":{}}', '[]', '2026-06-12T07:33:33', '2026-06-12T07:33:33', 464, NULL);
INSERT OR REPLACE INTO engine_presets (id, engine_type_id, name, category, config_template, tags, created_at, updated_at, model_id, gpu_device) VALUES (138, 21, 'QR-Nemotron-3-Nano-Omni-30B-A3B-Reasoning-Q8_0-31GB', 'default', '{"env":{"LLAMA_ARG_BATCH":"2048","LLAMA_ARG_CACHE_RAM":"2048","LLAMA_ARG_CTX_SIZE":"32768","LLAMA_ARG_FLASH_ATTN":"1","LLAMA_ARG_N_GPU_LAYERS":"100","LLAMA_ARG_N_PARALLEL":"1","LLAMA_ARG_UBATCH":"512"},"cli_opts":[],"model":{}}', '[]', '2026-06-12T07:33:33', '2026-06-12T07:33:33', 465, NULL);
INSERT OR REPLACE INTO engine_presets (id, engine_type_id, name, category, config_template, tags, created_at, updated_at, model_id, gpu_device) VALUES (139, 21, 'QR-Mellum2-12B-A2.5B-Thinking-Q8_0-12GB', 'default', '{"env": {"LLAMA_ARG_BATCH": "2048", "LLAMA_ARG_CACHE_RAM": "2048", "LLAMA_ARG_CTX_SIZE": "131072", "LLAMA_ARG_FLASH_ATTN": "1", "LLAMA_ARG_N_GPU_LAYERS": "100", "LLAMA_ARG_N_PARALLEL": "1", "LLAMA_ARG_UBATCH": "512"}, "cli_opts": []}', '[]', '2026-06-12T07:33:33', '2026-06-12T07:33:33', 472, NULL);
INSERT OR REPLACE INTO engine_presets (id, engine_type_id, name, category, config_template, tags, created_at, updated_at, model_id, gpu_device) VALUES (140, 21, 'QR-Mellum2-12B-A2.5B-Thinking-Q4_0-6GB', 'default', '{"env": {"LLAMA_ARG_BATCH": "2048", "LLAMA_ARG_CACHE_RAM": "2048", "LLAMA_ARG_CTX_SIZE": "131072", "LLAMA_ARG_FLASH_ATTN": "1", "LLAMA_ARG_N_GPU_LAYERS": "100", "LLAMA_ARG_N_PARALLEL": "1", "LLAMA_ARG_UBATCH": "512"}, "cli_opts": []}', '[]', '2026-06-12T07:33:33', '2026-06-12T07:33:33', 473, NULL);
INSERT OR REPLACE INTO engine_presets (id, engine_type_id, name, category, config_template, tags, created_at, updated_at, model_id, gpu_device) VALUES (141, 21, 'QR-GLM-4.7-Flash-MXFP4_MOE-16GB', 'default', '{"env":{"LLAMA_ARG_BATCH":"2048","LLAMA_ARG_CACHE_RAM":"2048","LLAMA_ARG_CTX_SIZE":"32768","LLAMA_ARG_FLASH_ATTN":"1","LLAMA_ARG_N_GPU_LAYERS":"100","LLAMA_ARG_N_PARALLEL":"1","LLAMA_ARG_UBATCH":"512"},"cli_opts":[],"model":{}}', '[]', '2026-06-12T07:33:33', '2026-06-12T07:33:33', 492, NULL);
INSERT OR REPLACE INTO engine_presets (id, engine_type_id, name, category, config_template, tags, created_at, updated_at, model_id, gpu_device) VALUES (142, 21, 'QR-GLM-4.7-Flash-Q_4_k_M MOE-17GB', 'default', '{"env": {"LLAMA_ARG_BATCH": "2048", "LLAMA_ARG_CACHE_RAM": "2048", "LLAMA_ARG_CTX_SIZE": "128000", "LLAMA_ARG_FLASH_ATTN": "1", "LLAMA_ARG_N_GPU_LAYERS": "100", "LLAMA_ARG_N_PARALLEL": "1", "LLAMA_ARG_UBATCH": "512"}, "cli_opts": []}', '[]', '2026-06-12T22:43:01', '2026-06-12T22:43:01', 463, NULL);
